entidad,dominio,modulo,atributo,tipo,valores,obligatorio,propietario,sensibilidad,regla_entidad
cliente,BD_MAESTROS_CONF,M3/M7,id,uuid,"UUID estable, PK",Sí,Comercial,Interno,ERP publica el maestro autorizado mediante ACL; M3 mantiene preferencia de canal bajo su propio contrato. Un RUT puede tener varios puntos de entrega.
cliente,BD_MAESTROS_CONF,M3/M7,creado_en,timestamptz,UTC; instante de persistencia,Sí,Comercial,Interno,ERP publica el maestro autorizado mediante ACL; M3 mantiene preferencia de canal bajo su propio contrato. Un RUT puede tener varios puntos de entrega.
cliente,BD_MAESTROS_CONF,M3/M7,version,bigint,Entero mayor o igual a 1,Sí,Comercial,Interno,ERP publica el maestro autorizado mediante ACL; M3 mantiene preferencia de canal bajo su propio contrato. Un RUT puede tener varios puntos de entrega.
cliente,BD_MAESTROS_CONF,M3/M7,rut,varchar(12),RUT normalizado y DV válido; único,Sí,Comercial,Personal,ERP publica el maestro autorizado mediante ACL; M3 mantiene preferencia de canal bajo su propio contrato. Un RUT puede tener varios puntos de entrega.
cliente,BD_MAESTROS_CONF,M3/M7,codigo_erp,varchar(40),Identificador único en ERP,Sí,Comercial,Interno,ERP publica el maestro autorizado mediante ACL; M3 mantiene preferencia de canal bajo su propio contrato. Un RUT puede tener varios puntos de entrega.
cliente,BD_MAESTROS_CONF,M3/M7,razon_social,varchar(160),Texto no vacío,Sí,Comercial,Personal,ERP publica el maestro autorizado mediante ACL; M3 mantiene preferencia de canal bajo su propio contrato. Un RUT puede tener varios puntos de entrega.
cliente,BD_MAESTROS_CONF,M3/M7,canal,varchar(20),"tradicional, food_service, cadena",Sí,Comercial,Interno,ERP publica el maestro autorizado mediante ACL; M3 mantiene preferencia de canal bajo su propio contrato. Un RUT puede tener varios puntos de entrega.
cliente,BD_MAESTROS_CONF,M3/M7,estado,varchar(16),"activo, bloqueado, inactivo",Sí,Comercial,Interno,ERP publica el maestro autorizado mediante ACL; M3 mantiene preferencia de canal bajo su propio contrato. Un RUT puede tener varios puntos de entrega.
cliente,BD_MAESTROS_CONF,M3/M7,preferencia_canal,varchar(16),"app, sms, mensajeria, correo, sin_digital",Sí,Comercial,Personal,ERP publica el maestro autorizado mediante ACL; M3 mantiene preferencia de canal bajo su propio contrato. Un RUT puede tener varios puntos de entrega.
punto_entrega,BD_MAESTROS_CONF,M3/M4,id,uuid,"UUID estable, PK",Sí,Comercial,Interno,"FK lógica a cliente; UNIQUE(cliente_id,codigo). La ventana se copia en cada entrega prometida para preservar el compromiso histórico."
punto_entrega,BD_MAESTROS_CONF,M3/M4,creado_en,timestamptz,UTC; instante de persistencia,Sí,Comercial,Interno,"FK lógica a cliente; UNIQUE(cliente_id,codigo). La ventana se copia en cada entrega prometida para preservar el compromiso histórico."
punto_entrega,BD_MAESTROS_CONF,M3/M4,version,bigint,Entero mayor o igual a 1,Sí,Comercial,Interno,"FK lógica a cliente; UNIQUE(cliente_id,codigo). La ventana se copia en cada entrega prometida para preservar el compromiso histórico."
punto_entrega,BD_MAESTROS_CONF,M3/M4,cliente_id,uuid,Referencia a cliente,Sí,Comercial,Interno,"FK lógica a cliente; UNIQUE(cliente_id,codigo). La ventana se copia en cada entrega prometida para preservar el compromiso histórico."
punto_entrega,BD_MAESTROS_CONF,M3/M4,codigo,varchar(40),Único por cliente,Sí,Comercial,Interno,"FK lógica a cliente; UNIQUE(cliente_id,codigo). La ventana se copia en cada entrega prometida para preservar el compromiso histórico."
punto_entrega,BD_MAESTROS_CONF,M3/M4,direccion,varchar(240),Dirección de entrega,Sí,Comercial,Personal,"FK lógica a cliente; UNIQUE(cliente_id,codigo). La ventana se copia en cada entrega prometida para preservar el compromiso histórico."
punto_entrega,BD_MAESTROS_CONF,M3/M4,posicion,"geography(Point,4326)",Latitud y longitud válidas; geocodificación revisada,No,Comercial,Personal,"FK lógica a cliente; UNIQUE(cliente_id,codigo). La ventana se copia en cada entrega prometida para preservar el compromiso histórico."
punto_entrega,BD_MAESTROS_CONF,M3/M4,ventana_desde,time,Hora local America/Santiago,Sí,Comercial,Interno,"FK lógica a cliente; UNIQUE(cliente_id,codigo). La ventana se copia en cada entrega prometida para preservar el compromiso histórico."
punto_entrega,BD_MAESTROS_CONF,M3/M4,ventana_hasta,time,Fin posterior al inicio; excepción nocturna parametrizada,Sí,Comercial,Interno,"FK lógica a cliente; UNIQUE(cliente_id,codigo). La ventana se copia en cada entrega prometida para preservar el compromiso histórico."
punto_entrega,BD_MAESTROS_CONF,M3/M4,zona,varchar(40),Catálogo de zonas logísticas,Sí,Comercial,Interno,"FK lógica a cliente; UNIQUE(cliente_id,codigo). La ventana se copia en cada entrega prometida para preservar el compromiso histórico."
producto,BD_MAESTROS_CONF,M1/M2,id,uuid,"UUID estable, PK",Sí,Abastecimiento,Interno,GTIN se versiona por presentación. M9 autoriza rangos térmicos; el maestro ERP conserva la identidad comercial y sus equivalencias.
producto,BD_MAESTROS_CONF,M1/M2,creado_en,timestamptz,UTC; instante de persistencia,Sí,Abastecimiento,Interno,GTIN se versiona por presentación. M9 autoriza rangos térmicos; el maestro ERP conserva la identidad comercial y sus equivalencias.
producto,BD_MAESTROS_CONF,M1/M2,version,bigint,Entero mayor o igual a 1,Sí,Abastecimiento,Interno,GTIN se versiona por presentación. M9 autoriza rangos térmicos; el maestro ERP conserva la identidad comercial y sus equivalencias.
producto,BD_MAESTROS_CONF,M1/M2,codigo_erp,varchar(40),SKU autorizado único,Sí,Abastecimiento,Interno,GTIN se versiona por presentación. M9 autoriza rangos térmicos; el maestro ERP conserva la identidad comercial y sus equivalencias.
producto,BD_MAESTROS_CONF,M1/M2,gtin,varchar(14),GTIN normalizado; dígito verificador,Sí,Abastecimiento,Interno,GTIN se versiona por presentación. M9 autoriza rangos térmicos; el maestro ERP conserva la identidad comercial y sus equivalencias.
producto,BD_MAESTROS_CONF,M1/M2,descripcion,varchar(160),Nombre comercial,Sí,Abastecimiento,Interno,GTIN se versiona por presentación. M9 autoriza rangos térmicos; el maestro ERP conserva la identidad comercial y sus equivalencias.
producto,BD_MAESTROS_CONF,M1/M2,unidad,varchar(16),Catálogo GS1/unidades autorizadas,Sí,Abastecimiento,Interno,GTIN se versiona por presentación. M9 autoriza rangos térmicos; el maestro ERP conserva la identidad comercial y sus equivalencias.
producto,BD_MAESTROS_CONF,M1/M2,clase_temperatura,varchar(16),"seco, refrigerado, congelado",Sí,Abastecimiento,Interno,GTIN se versiona por presentación. M9 autoriza rangos térmicos; el maestro ERP conserva la identidad comercial y sus equivalencias.
producto,BD_MAESTROS_CONF,M1/M2,temperatura_min,"numeric(5,2)",Grados Celsius; según ficha aprobada,No,Calidad,Interno,GTIN se versiona por presentación. M9 autoriza rangos térmicos; el maestro ERP conserva la identidad comercial y sus equivalencias.
producto,BD_MAESTROS_CONF,M1/M2,temperatura_max,"numeric(5,2)",Mayor o igual al mínimo,No,Calidad,Interno,GTIN se versiona por presentación. M9 autoriza rangos térmicos; el maestro ERP conserva la identidad comercial y sus equivalencias.
producto,BD_MAESTROS_CONF,M1/M2,vida_util_dias,integer,Entero positivo,Sí,Calidad,Interno,GTIN se versiona por presentación. M9 autoriza rangos térmicos; el maestro ERP conserva la identidad comercial y sus equivalencias.
proveedor,BD_MAESTROS_CONF,M1,id,uuid,"UUID estable, PK",Sí,Abastecimiento,Interno,Maestro completo migrado del ERP; modificar plazo exige versión y autor.
proveedor,BD_MAESTROS_CONF,M1,creado_en,timestamptz,UTC; instante de persistencia,Sí,Abastecimiento,Interno,Maestro completo migrado del ERP; modificar plazo exige versión y autor.
proveedor,BD_MAESTROS_CONF,M1,version,bigint,Entero mayor o igual a 1,Sí,Abastecimiento,Interno,Maestro completo migrado del ERP; modificar plazo exige versión y autor.
proveedor,BD_MAESTROS_CONF,M1,rut,varchar(12),RUT y DV válido; único,Sí,Abastecimiento,Personal,Maestro completo migrado del ERP; modificar plazo exige versión y autor.
proveedor,BD_MAESTROS_CONF,M1,codigo_erp,varchar(40),Código externo único,Sí,Abastecimiento,Interno,Maestro completo migrado del ERP; modificar plazo exige versión y autor.
proveedor,BD_MAESTROS_CONF,M1,razon_social,varchar(160),Texto no vacío,Sí,Abastecimiento,Personal,Maestro completo migrado del ERP; modificar plazo exige versión y autor.
proveedor,BD_MAESTROS_CONF,M1,plazo_dias,integer,Entero no negativo,Sí,Abastecimiento,Interno,Maestro completo migrado del ERP; modificar plazo exige versión y autor.
sitio,BD_MAESTROS_CONF,M1/M2/M5,id,uuid,"UUID estable, PK",Sí,Operaciones,Interno,Código estable y único; solo los cinco sitios logísticos escriben WMS. Casa matriz opera por nube.
sitio,BD_MAESTROS_CONF,M1/M2/M5,creado_en,timestamptz,UTC; instante de persistencia,Sí,Operaciones,Interno,Código estable y único; solo los cinco sitios logísticos escriben WMS. Casa matriz opera por nube.
sitio,BD_MAESTROS_CONF,M1/M2/M5,version,bigint,Entero mayor o igual a 1,Sí,Operaciones,Interno,Código estable y único; solo los cinco sitios logísticos escriben WMS. Casa matriz opera por nube.
sitio,BD_MAESTROS_CONF,M1/M2/M5,codigo,varchar(24),"Talca, Concepción, Curicó, Chillán, Los Ángeles; ampliable",Sí,Operaciones,Interno,Código estable y único; solo los cinco sitios logísticos escriben WMS. Casa matriz opera por nube.
sitio,BD_MAESTROS_CONF,M1/M2/M5,tipo,varchar(16),"cd, crossdock, oficina",Sí,Operaciones,Interno,Código estable y único; solo los cinco sitios logísticos escriben WMS. Casa matriz opera por nube.
sitio,BD_MAESTROS_CONF,M1/M2/M5,zona_horaria,varchar(40),America/Santiago,Sí,Operaciones,Interno,Código estable y único; solo los cinco sitios logísticos escriben WMS. Casa matriz opera por nube.
recepcion,BD_INVENTARIO,M1,id,uuid,"UUID estable, PK",Sí,Jefatura de bodega,Interno,La recepción cerrada tiene al menos una línea; el cierre genera movimientos y outbox en una misma transacción local.
recepcion,BD_INVENTARIO,M1,creado_en,timestamptz,UTC; instante de persistencia,Sí,Jefatura de bodega,Interno,La recepción cerrada tiene al menos una línea; el cierre genera movimientos y outbox en una misma transacción local.
recepcion,BD_INVENTARIO,M1,version,bigint,Entero mayor o igual a 1,Sí,Jefatura de bodega,Interno,La recepción cerrada tiene al menos una línea; el cierre genera movimientos y outbox en una misma transacción local.
recepcion,BD_INVENTARIO,M1,sitio_id,uuid,Referencia a sitio logístico,Sí,Jefatura de bodega,Interno,La recepción cerrada tiene al menos una línea; el cierre genera movimientos y outbox en una misma transacción local.
recepcion,BD_INVENTARIO,M1,proveedor_id,uuid,Referencia al maestro proveedor,Sí,Jefatura de bodega,Interno,La recepción cerrada tiene al menos una línea; el cierre genera movimientos y outbox en una misma transacción local.
recepcion,BD_INVENTARIO,M1,documento_origen,varchar(80),Documento ERP/proveedor; clave externa,Sí,Jefatura de bodega,Interno,La recepción cerrada tiene al menos una línea; el cierre genera movimientos y outbox en una misma transacción local.
recepcion,BD_INVENTARIO,M1,estado,varchar(16),"capturada, validada, observada, cerrada",Sí,Jefatura de bodega,Interno,La recepción cerrada tiene al menos una línea; el cierre genera movimientos y outbox en una misma transacción local.
recepcion,BD_INVENTARIO,M1,ocurrido_en,timestamptz,Instante físico de recepción,Sí,Jefatura de bodega,Interno,La recepción cerrada tiene al menos una línea; el cierre genera movimientos y outbox en una misma transacción local.
lote,BD_CALIDAD_TRAZABILIDAD,M1/M9,id,uuid,"UUID estable, PK",Sí,Calidad,Interno,"UNIQUE(producto_id,proveedor_id,lote_proveedor). Si un GTIN/lote aparece con varios proveedores se conserva el origen y se agrupa el retiro por GTIN/lote. Un vencimiento discordante se aísla para Calidad."
lote,BD_CALIDAD_TRAZABILIDAD,M1/M9,creado_en,timestamptz,UTC; instante de persistencia,Sí,Calidad,Interno,"UNIQUE(producto_id,proveedor_id,lote_proveedor). Si un GTIN/lote aparece con varios proveedores se conserva el origen y se agrupa el retiro por GTIN/lote. Un vencimiento discordante se aísla para Calidad."
lote,BD_CALIDAD_TRAZABILIDAD,M1/M9,version,bigint,Entero mayor o igual a 1,Sí,Calidad,Interno,"UNIQUE(producto_id,proveedor_id,lote_proveedor). Si un GTIN/lote aparece con varios proveedores se conserva el origen y se agrupa el retiro por GTIN/lote. Un vencimiento discordante se aísla para Calidad."
lote,BD_CALIDAD_TRAZABILIDAD,M1/M9,producto_id,uuid,Referencia al producto/GTIN,Sí,Calidad,Interno,"UNIQUE(producto_id,proveedor_id,lote_proveedor). Si un GTIN/lote aparece con varios proveedores se conserva el origen y se agrupa el retiro por GTIN/lote. Un vencimiento discordante se aísla para Calidad."
lote,BD_CALIDAD_TRAZABILIDAD,M1/M9,proveedor_id,uuid,Proveedor de origen,Sí,Calidad,Interno,"UNIQUE(producto_id,proveedor_id,lote_proveedor). Si un GTIN/lote aparece con varios proveedores se conserva el origen y se agrupa el retiro por GTIN/lote. Un vencimiento discordante se aísla para Calidad."
lote,BD_CALIDAD_TRAZABILIDAD,M1/M9,lote_proveedor,varchar(80),Código de lote no vacío,Sí,Calidad,Interno,"UNIQUE(producto_id,proveedor_id,lote_proveedor). Si un GTIN/lote aparece con varios proveedores se conserva el origen y se agrupa el retiro por GTIN/lote. Un vencimiento discordante se aísla para Calidad."
lote,BD_CALIDAD_TRAZABILIDAD,M1/M9,vence_en,date,Fecha de vencimiento,Sí,Calidad,Interno,"UNIQUE(producto_id,proveedor_id,lote_proveedor). Si un GTIN/lote aparece con varios proveedores se conserva el origen y se agrupa el retiro por GTIN/lote. Un vencimiento discordante se aísla para Calidad."
lote,BD_CALIDAD_TRAZABILIDAD,M1/M9,estado,varchar(20),"liberado, bloqueado, retiro, descartado",Sí,Calidad,Interno,"UNIQUE(producto_id,proveedor_id,lote_proveedor). Si un GTIN/lote aparece con varios proveedores se conserva el origen y se agrupa el retiro por GTIN/lote. Un vencimiento discordante se aísla para Calidad."
unidad_logistica,BD_INVENTARIO,M1/M2,id,uuid,"UUID estable, PK",Sí,Jefatura de bodega,Interno,La unidad puede contener varios lotes mediante contenido_unidad. El movimiento conserva SSCC y custodia; no se usa SSCC para identificar cada envase retornable.
unidad_logistica,BD_INVENTARIO,M1/M2,creado_en,timestamptz,UTC; instante de persistencia,Sí,Jefatura de bodega,Interno,La unidad puede contener varios lotes mediante contenido_unidad. El movimiento conserva SSCC y custodia; no se usa SSCC para identificar cada envase retornable.
unidad_logistica,BD_INVENTARIO,M1/M2,version,bigint,Entero mayor o igual a 1,Sí,Jefatura de bodega,Interno,La unidad puede contener varios lotes mediante contenido_unidad. El movimiento conserva SSCC y custodia; no se usa SSCC para identificar cada envase retornable.
unidad_logistica,BD_INVENTARIO,M1/M2,sscc,varchar(18),SSCC y dígito verificador; único,Sí,Jefatura de bodega,Interno,La unidad puede contener varios lotes mediante contenido_unidad. El movimiento conserva SSCC y custodia; no se usa SSCC para identificar cada envase retornable.
unidad_logistica,BD_INVENTARIO,M1/M2,sitio_id,uuid,Sitio custodio actual,Sí,Jefatura de bodega,Interno,La unidad puede contener varios lotes mediante contenido_unidad. El movimiento conserva SSCC y custodia; no se usa SSCC para identificar cada envase retornable.
unidad_logistica,BD_INVENTARIO,M1/M2,ubicacion,varchar(40),Posición autorizada del sitio,Sí,Jefatura de bodega,Interno,La unidad puede contener varios lotes mediante contenido_unidad. El movimiento conserva SSCC y custodia; no se usa SSCC para identificar cada envase retornable.
unidad_logistica,BD_INVENTARIO,M1/M2,estado,varchar(16),"recibida, almacenada, preparada, despachada",Sí,Jefatura de bodega,Interno,La unidad puede contener varios lotes mediante contenido_unidad. El movimiento conserva SSCC y custodia; no se usa SSCC para identificar cada envase retornable.
contenido_unidad,BD_INVENTARIO,M1/M2,id,uuid,"UUID estable, PK",Sí,Jefatura de bodega,Interno,"UNIQUE(unidad_id,lote_id); suma de cantidades se concilia con recepción y movimientos."
contenido_unidad,BD_INVENTARIO,M1/M2,creado_en,timestamptz,UTC; instante de persistencia,Sí,Jefatura de bodega,Interno,"UNIQUE(unidad_id,lote_id); suma de cantidades se concilia con recepción y movimientos."
contenido_unidad,BD_INVENTARIO,M1/M2,version,bigint,Entero mayor o igual a 1,Sí,Jefatura de bodega,Interno,"UNIQUE(unidad_id,lote_id); suma de cantidades se concilia con recepción y movimientos."
contenido_unidad,BD_INVENTARIO,M1/M2,unidad_id,uuid,Referencia a unidad logística,Sí,Jefatura de bodega,Interno,"UNIQUE(unidad_id,lote_id); suma de cantidades se concilia con recepción y movimientos."
contenido_unidad,BD_INVENTARIO,M1/M2,lote_id,uuid,Referencia a lote,Sí,Jefatura de bodega,Interno,"UNIQUE(unidad_id,lote_id); suma de cantidades se concilia con recepción y movimientos."
contenido_unidad,BD_INVENTARIO,M1/M2,cantidad,"numeric(14,3)",Cantidad mayor que cero en unidad base,Sí,Jefatura de bodega,Interno,"UNIQUE(unidad_id,lote_id); suma de cantidades se concilia con recepción y movimientos."
linea_recepcion,BD_INVENTARIO,M1,id,uuid,"UUID estable, PK",Sí,Jefatura de bodega,Interno,Cada línea identifica lote y SSCC; una observación térmica bloquea liberación hasta decisión de Calidad.
linea_recepcion,BD_INVENTARIO,M1,creado_en,timestamptz,UTC; instante de persistencia,Sí,Jefatura de bodega,Interno,Cada línea identifica lote y SSCC; una observación térmica bloquea liberación hasta decisión de Calidad.
linea_recepcion,BD_INVENTARIO,M1,version,bigint,Entero mayor o igual a 1,Sí,Jefatura de bodega,Interno,Cada línea identifica lote y SSCC; una observación térmica bloquea liberación hasta decisión de Calidad.
linea_recepcion,BD_INVENTARIO,M1,recepcion_id,uuid,FK a recepción,Sí,Jefatura de bodega,Interno,Cada línea identifica lote y SSCC; una observación térmica bloquea liberación hasta decisión de Calidad.
linea_recepcion,BD_INVENTARIO,M1,lote_id,uuid,Referencia a lote,Sí,Jefatura de bodega,Interno,Cada línea identifica lote y SSCC; una observación térmica bloquea liberación hasta decisión de Calidad.
linea_recepcion,BD_INVENTARIO,M1,unidad_id,uuid,Referencia a SSCC,Sí,Jefatura de bodega,Interno,Cada línea identifica lote y SSCC; una observación térmica bloquea liberación hasta decisión de Calidad.
linea_recepcion,BD_INVENTARIO,M1,cantidad,"numeric(14,3)",Mayor que cero,Sí,Jefatura de bodega,Interno,Cada línea identifica lote y SSCC; una observación térmica bloquea liberación hasta decisión de Calidad.
linea_recepcion,BD_INVENTARIO,M1,temperatura,"numeric(5,2)",Lectura de control en Celsius,No,Jefatura de bodega,Interno,Cada línea identifica lote y SSCC; una observación térmica bloquea liberación hasta decisión de Calidad.
movimiento_stock,BD_INVENTARIO,M2,id,uuid,"UUID estable, PK",Sí,Jefatura de bodega,Interno,"Libro inmutable; correcciones mediante movimiento compensatorio aprobado. Stock se obtiene de suma de deltas, no de la última cifra recibida."
movimiento_stock,BD_INVENTARIO,M2,creado_en,timestamptz,UTC; instante de persistencia,Sí,Jefatura de bodega,Interno,"Libro inmutable; correcciones mediante movimiento compensatorio aprobado. Stock se obtiene de suma de deltas, no de la última cifra recibida."
movimiento_stock,BD_INVENTARIO,M2,version,bigint,Entero mayor o igual a 1,Sí,Jefatura de bodega,Interno,"Libro inmutable; correcciones mediante movimiento compensatorio aprobado. Stock se obtiene de suma de deltas, no de la última cifra recibida."
movimiento_stock,BD_INVENTARIO,M2,sitio_id,uuid,Autoridad de escritura del sitio,Sí,Jefatura de bodega,Interno,"Libro inmutable; correcciones mediante movimiento compensatorio aprobado. Stock se obtiene de suma de deltas, no de la última cifra recibida."
movimiento_stock,BD_INVENTARIO,M2,lote_id,uuid,Referencia a lote,Sí,Jefatura de bodega,Interno,"Libro inmutable; correcciones mediante movimiento compensatorio aprobado. Stock se obtiene de suma de deltas, no de la última cifra recibida."
movimiento_stock,BD_INVENTARIO,M2,unidad_id,uuid,Unidad logística afectada,Sí,Jefatura de bodega,Interno,"Libro inmutable; correcciones mediante movimiento compensatorio aprobado. Stock se obtiene de suma de deltas, no de la última cifra recibida."
movimiento_stock,BD_INVENTARIO,M2,tipo,varchar(24),"recepcion, traslado, preparacion, despacho, devolucion, ajuste",Sí,Jefatura de bodega,Interno,"Libro inmutable; correcciones mediante movimiento compensatorio aprobado. Stock se obtiene de suma de deltas, no de la última cifra recibida."
movimiento_stock,BD_INVENTARIO,M2,cantidad_delta,"numeric(14,3)","Entrada positiva o salida negativa, distinta de cero",Sí,Jefatura de bodega,Interno,"Libro inmutable; correcciones mediante movimiento compensatorio aprobado. Stock se obtiene de suma de deltas, no de la última cifra recibida."
movimiento_stock,BD_INVENTARIO,M2,ubicacion,varchar(40),Ubicación en sitio,Sí,Jefatura de bodega,Interno,"Libro inmutable; correcciones mediante movimiento compensatorio aprobado. Stock se obtiene de suma de deltas, no de la última cifra recibida."
movimiento_stock,BD_INVENTARIO,M2,secuencia_sitio,bigint,Monótona por sitio y época,Sí,Jefatura de bodega,Interno,"Libro inmutable; correcciones mediante movimiento compensatorio aprobado. Stock se obtiene de suma de deltas, no de la última cifra recibida."
movimiento_stock,BD_INVENTARIO,M2,evento_origen_id,uuid,Identidad de operación; única,Sí,Jefatura de bodega,Interno,"Libro inmutable; correcciones mediante movimiento compensatorio aprobado. Stock se obtiene de suma de deltas, no de la última cifra recibida."
movimiento_stock,BD_INVENTARIO,M2,ocurrido_en,timestamptz,Hora del hecho físico,Sí,Jefatura de bodega,Interno,"Libro inmutable; correcciones mediante movimiento compensatorio aprobado. Stock se obtiene de suma de deltas, no de la última cifra recibida."
reserva,BD_INVENTARIO,M2,id,uuid,"UUID estable, PK",Sí,Jefatura de bodega,Interno,M2 es autoridad por agregado sitio/lote. Para confirmar bloquea saldo y comprueba disponible; la nube coordina sin confirmar contra una réplica atrasada.
reserva,BD_INVENTARIO,M2,creado_en,timestamptz,UTC; instante de persistencia,Sí,Jefatura de bodega,Interno,M2 es autoridad por agregado sitio/lote. Para confirmar bloquea saldo y comprueba disponible; la nube coordina sin confirmar contra una réplica atrasada.
reserva,BD_INVENTARIO,M2,version,bigint,Entero mayor o igual a 1,Sí,Jefatura de bodega,Interno,M2 es autoridad por agregado sitio/lote. Para confirmar bloquea saldo y comprueba disponible; la nube coordina sin confirmar contra una réplica atrasada.
reserva,BD_INVENTARIO,M2,linea_pedido_id,uuid,Referencia a línea del pedido,Sí,Jefatura de bodega,Interno,M2 es autoridad por agregado sitio/lote. Para confirmar bloquea saldo y comprueba disponible; la nube coordina sin confirmar contra una réplica atrasada.
reserva,BD_INVENTARIO,M2,sitio_id,uuid,Sitio que confirma,Sí,Jefatura de bodega,Interno,M2 es autoridad por agregado sitio/lote. Para confirmar bloquea saldo y comprueba disponible; la nube coordina sin confirmar contra una réplica atrasada.
reserva,BD_INVENTARIO,M2,lote_id,uuid,Lote asignado por FEFO,Sí,Jefatura de bodega,Interno,M2 es autoridad por agregado sitio/lote. Para confirmar bloquea saldo y comprueba disponible; la nube coordina sin confirmar contra una réplica atrasada.
reserva,BD_INVENTARIO,M2,cantidad,"numeric(14,3)",Mayor que cero,Sí,Jefatura de bodega,Interno,M2 es autoridad por agregado sitio/lote. Para confirmar bloquea saldo y comprueba disponible; la nube coordina sin confirmar contra una réplica atrasada.
reserva,BD_INVENTARIO,M2,estado,varchar(16),"pendiente, confirmada, consumida, liberada, rechazada",Sí,Jefatura de bodega,Interno,M2 es autoridad por agregado sitio/lote. Para confirmar bloquea saldo y comprueba disponible; la nube coordina sin confirmar contra una réplica atrasada.
reserva,BD_INVENTARIO,M2,expira_en,timestamptz,Plazo parametrizado por operación,No,Jefatura de bodega,Interno,M2 es autoridad por agregado sitio/lote. Para confirmar bloquea saldo y comprueba disponible; la nube coordina sin confirmar contra una réplica atrasada.
pedido,BD_PREVENTA,M3,id,uuid,"UUID estable, PK",Sí,Comercial,Interno,Capturado offline no equivale a reserva confirmada. Pedido tiene una o más líneas; reenvío con mismo UUID devuelve resultado anterior.
pedido,BD_PREVENTA,M3,creado_en,timestamptz,UTC; instante de persistencia,Sí,Comercial,Interno,Capturado offline no equivale a reserva confirmada. Pedido tiene una o más líneas; reenvío con mismo UUID devuelve resultado anterior.
pedido,BD_PREVENTA,M3,version,bigint,Entero mayor o igual a 1,Sí,Comercial,Interno,Capturado offline no equivale a reserva confirmada. Pedido tiene una o más líneas; reenvío con mismo UUID devuelve resultado anterior.
pedido,BD_PREVENTA,M3,cliente_id,uuid,Maestro cliente,Sí,Comercial,Interno,Capturado offline no equivale a reserva confirmada. Pedido tiene una o más líneas; reenvío con mismo UUID devuelve resultado anterior.
pedido,BD_PREVENTA,M3,punto_id,uuid,Punto de entrega del mismo cliente,Sí,Comercial,Interno,Capturado offline no equivale a reserva confirmada. Pedido tiene una o más líneas; reenvío con mismo UUID devuelve resultado anterior.
pedido,BD_PREVENTA,M3,actor_id,uuid,Preventista o cuenta de autoservicio,Sí,Comercial,Personal,Capturado offline no equivale a reserva confirmada. Pedido tiene una o más líneas; reenvío con mismo UUID devuelve resultado anterior.
pedido,BD_PREVENTA,M3,estado,varchar(20),"capturado, pendiente, confirmado, preparado, despachado, parcial, entregado, rendido, cancelado",Sí,Comercial,Interno,Capturado offline no equivale a reserva confirmada. Pedido tiene una o más líneas; reenvío con mismo UUID devuelve resultado anterior.
pedido,BD_PREVENTA,M3,capturado_en,timestamptz,"Hora en terminal, conservada",Sí,Comercial,Interno,Capturado offline no equivale a reserva confirmada. Pedido tiene una o más líneas; reenvío con mismo UUID devuelve resultado anterior.
pedido,BD_PREVENTA,M3,transaction_id,uuid,Correlación transversal estable,Sí,Comercial,Interno,Capturado offline no equivale a reserva confirmada. Pedido tiene una o más líneas; reenvío con mismo UUID devuelve resultado anterior.
pedido,BD_PREVENTA,M3,tarifa_version,varchar(40),Versión de tarifa mostrada,Sí,Comercial,Interno,Capturado offline no equivale a reserva confirmada. Pedido tiene una o más líneas; reenvío con mismo UUID devuelve resultado anterior.
linea_pedido,BD_PREVENTA,M3,id,uuid,"UUID estable, PK",Sí,Comercial,Interno,"UNIQUE(pedido_id,numero). Un cambio de tarifa genera revalidación explícita; el importe es dato operativo del CLIENTE, no precio de oferta."
linea_pedido,BD_PREVENTA,M3,creado_en,timestamptz,UTC; instante de persistencia,Sí,Comercial,Interno,"UNIQUE(pedido_id,numero). Un cambio de tarifa genera revalidación explícita; el importe es dato operativo del CLIENTE, no precio de oferta."
linea_pedido,BD_PREVENTA,M3,version,bigint,Entero mayor o igual a 1,Sí,Comercial,Interno,"UNIQUE(pedido_id,numero). Un cambio de tarifa genera revalidación explícita; el importe es dato operativo del CLIENTE, no precio de oferta."
linea_pedido,BD_PREVENTA,M3,pedido_id,uuid,FK a pedido,Sí,Comercial,Interno,"UNIQUE(pedido_id,numero). Un cambio de tarifa genera revalidación explícita; el importe es dato operativo del CLIENTE, no precio de oferta."
linea_pedido,BD_PREVENTA,M3,numero,integer,Entero positivo único por pedido,Sí,Comercial,Interno,"UNIQUE(pedido_id,numero). Un cambio de tarifa genera revalidación explícita; el importe es dato operativo del CLIENTE, no precio de oferta."
linea_pedido,BD_PREVENTA,M3,producto_id,uuid,Referencia al SKU autorizado,Sí,Comercial,Interno,"UNIQUE(pedido_id,numero). Un cambio de tarifa genera revalidación explícita; el importe es dato operativo del CLIENTE, no precio de oferta."
linea_pedido,BD_PREVENTA,M3,cantidad,"numeric(14,3)",Mayor que cero,Sí,Comercial,Interno,"UNIQUE(pedido_id,numero). Un cambio de tarifa genera revalidación explícita; el importe es dato operativo del CLIENTE, no precio de oferta."
linea_pedido,BD_PREVENTA,M3,precio_informado,"numeric(18,2)",Moneda CLP; mayor o igual a cero,Sí,Comercial,Comercial restringido,"UNIQUE(pedido_id,numero). Un cambio de tarifa genera revalidación explícita; el importe es dato operativo del CLIENTE, no precio de oferta."
linea_pedido,BD_PREVENTA,M3,unidad,varchar(16),Unidad de captura y conversión versionada,Sí,Comercial,Interno,"UNIQUE(pedido_id,numero). Un cambio de tarifa genera revalidación explícita; el importe es dato operativo del CLIENTE, no precio de oferta."
asignacion_lote,BD_PREPARACION,M5,id,uuid,"UUID estable, PK",Sí,Jefatura de bodega,Interno,Una línea puede servirse con varios lotes. Las cantidades asignadas y entregadas permiten traza hacia adelante y hacia atrás.
asignacion_lote,BD_PREPARACION,M5,creado_en,timestamptz,UTC; instante de persistencia,Sí,Jefatura de bodega,Interno,Una línea puede servirse con varios lotes. Las cantidades asignadas y entregadas permiten traza hacia adelante y hacia atrás.
asignacion_lote,BD_PREPARACION,M5,version,bigint,Entero mayor o igual a 1,Sí,Jefatura de bodega,Interno,Una línea puede servirse con varios lotes. Las cantidades asignadas y entregadas permiten traza hacia adelante y hacia atrás.
asignacion_lote,BD_PREPARACION,M5,linea_pedido_id,uuid,Línea servida,Sí,Jefatura de bodega,Interno,Una línea puede servirse con varios lotes. Las cantidades asignadas y entregadas permiten traza hacia adelante y hacia atrás.
asignacion_lote,BD_PREPARACION,M5,lote_id,uuid,Lote proveedor,Sí,Jefatura de bodega,Interno,Una línea puede servirse con varios lotes. Las cantidades asignadas y entregadas permiten traza hacia adelante y hacia atrás.
asignacion_lote,BD_PREPARACION,M5,unidad_id,uuid,SSCC de procedencia,Sí,Jefatura de bodega,Interno,Una línea puede servirse con varios lotes. Las cantidades asignadas y entregadas permiten traza hacia adelante y hacia atrás.
asignacion_lote,BD_PREPARACION,M5,reserva_id,uuid,Reserva aceptada en M2,Sí,Jefatura de bodega,Interno,Una línea puede servirse con varios lotes. Las cantidades asignadas y entregadas permiten traza hacia adelante y hacia atrás.
asignacion_lote,BD_PREPARACION,M5,cantidad,"numeric(14,3)",Mayor que cero; no superar reserva neta,Sí,Jefatura de bodega,Interno,Una línea puede servirse con varios lotes. Las cantidades asignadas y entregadas permiten traza hacia adelante y hacia atrás.
mision,BD_PREPARACION,M5,id,uuid,"UUID estable, PK",Sí,Jefatura de bodega,Interno,No se reasigna una misión descargada sin revocar o cerrar su versión previa.
mision,BD_PREPARACION,M5,creado_en,timestamptz,UTC; instante de persistencia,Sí,Jefatura de bodega,Interno,No se reasigna una misión descargada sin revocar o cerrar su versión previa.
mision,BD_PREPARACION,M5,version,bigint,Entero mayor o igual a 1,Sí,Jefatura de bodega,Interno,No se reasigna una misión descargada sin revocar o cerrar su versión previa.
mision,BD_PREPARACION,M5,sitio_id,uuid,Sitio ejecutor,Sí,Jefatura de bodega,Interno,No se reasigna una misión descargada sin revocar o cerrar su versión previa.
mision,BD_PREPARACION,M5,oleada,varchar(40),Grupo de preparación,Sí,Jefatura de bodega,Interno,No se reasigna una misión descargada sin revocar o cerrar su versión previa.
mision,BD_PREPARACION,M5,actor_id,uuid,Preparador autorizado en turno,Sí,Jefatura de bodega,Personal,No se reasigna una misión descargada sin revocar o cerrar su versión previa.
mision,BD_PREPARACION,M5,dispositivo_id,uuid,Terminal HHT,Sí,Jefatura de bodega,Interno,No se reasigna una misión descargada sin revocar o cerrar su versión previa.
mision,BD_PREPARACION,M5,estado,varchar(16),"descargada, ejecutada, cerrada",Sí,Jefatura de bodega,Interno,No se reasigna una misión descargada sin revocar o cerrar su versión previa.
linea_mision,BD_PREPARACION,M5,id,uuid,"UUID estable, PK",Sí,Jefatura de bodega,Interno,Confirmar línea y consumir reserva es operación idempotente; faltante requiere causal y ajuste autorizado.
linea_mision,BD_PREPARACION,M5,creado_en,timestamptz,UTC; instante de persistencia,Sí,Jefatura de bodega,Interno,Confirmar línea y consumir reserva es operación idempotente; faltante requiere causal y ajuste autorizado.
linea_mision,BD_PREPARACION,M5,version,bigint,Entero mayor o igual a 1,Sí,Jefatura de bodega,Interno,Confirmar línea y consumir reserva es operación idempotente; faltante requiere causal y ajuste autorizado.
linea_mision,BD_PREPARACION,M5,mision_id,uuid,FK a misión,Sí,Jefatura de bodega,Interno,Confirmar línea y consumir reserva es operación idempotente; faltante requiere causal y ajuste autorizado.
linea_mision,BD_PREPARACION,M5,asignacion_id,uuid,Referencia a asignación de lote,Sí,Jefatura de bodega,Interno,Confirmar línea y consumir reserva es operación idempotente; faltante requiere causal y ajuste autorizado.
linea_mision,BD_PREPARACION,M5,cantidad_confirmada,"numeric(14,3)",Entre cero y cantidad asignada,Sí,Jefatura de bodega,Interno,Confirmar línea y consumir reserva es operación idempotente; faltante requiere causal y ajuste autorizado.
linea_mision,BD_PREPARACION,M5,confirmada_en,timestamptz,Hora del escaneo,No,Jefatura de bodega,Interno,Confirmar línea y consumir reserva es operación idempotente; faltante requiere causal y ajuste autorizado.
despacho,BD_PREPARACION,M5,id,uuid,"UUID estable, PK",Sí,Operaciones,Interno,"Solo salida_liberada exige guía vigente de la misma carga y copia disponible localmente. Ningún booleano fusiona guía, SII y acuse de mercadería."
despacho,BD_PREPARACION,M5,creado_en,timestamptz,UTC; instante de persistencia,Sí,Operaciones,Interno,"Solo salida_liberada exige guía vigente de la misma carga y copia disponible localmente. Ningún booleano fusiona guía, SII y acuse de mercadería."
despacho,BD_PREPARACION,M5,version,bigint,Entero mayor o igual a 1,Sí,Operaciones,Interno,"Solo salida_liberada exige guía vigente de la misma carga y copia disponible localmente. Ningún booleano fusiona guía, SII y acuse de mercadería."
despacho,BD_PREPARACION,M5,sitio_id,uuid,Sitio de salida,Sí,Operaciones,Interno,"Solo salida_liberada exige guía vigente de la misma carga y copia disponible localmente. Ningún booleano fusiona guía, SII y acuse de mercadería."
despacho,BD_PREPARACION,M5,viaje_id,uuid,Viaje aprobado,Sí,Operaciones,Interno,"Solo salida_liberada exige guía vigente de la misma carga y copia disponible localmente. Ningún booleano fusiona guía, SII y acuse de mercadería."
despacho,BD_PREPARACION,M5,carga_version,bigint,Versión positiva de carga,Sí,Operaciones,Interno,"Solo salida_liberada exige guía vigente de la misma carga y copia disponible localmente. Ningún booleano fusiona guía, SII y acuse de mercadería."
despacho,BD_PREPARACION,M5,estado,varchar(24),"carga_confirmada, guia_solicitada, resultado_incierto, guia_disponible, salida_liberada",Sí,Operaciones,Interno,"Solo salida_liberada exige guía vigente de la misma carga y copia disponible localmente. Ningún booleano fusiona guía, SII y acuse de mercadería."
despacho,BD_PREPARACION,M5,guia_id,uuid,DTE confirmado por ERP,No,Operaciones,Interno,"Solo salida_liberada exige guía vigente de la misma carga y copia disponible localmente. Ningún booleano fusiona guía, SII y acuse de mercadería."
despacho,BD_PREPARACION,M5,liberado_en,timestamptz,Instante de salida autorizada,No,Operaciones,Interno,"Solo salida_liberada exige guía vigente de la misma carga y copia disponible localmente. Ningún booleano fusiona guía, SII y acuse de mercadería."
viaje,BD_RUTAS,M4/M12,id,uuid,"UUID estable, PK",Sí,Planificación,Interno,Planificador aprueba versión de ruta. El conductor de cada hecho no se reemplaza retrospectivamente cuando cambia la asignación.
viaje,BD_RUTAS,M4/M12,creado_en,timestamptz,UTC; instante de persistencia,Sí,Planificación,Interno,Planificador aprueba versión de ruta. El conductor de cada hecho no se reemplaza retrospectivamente cuando cambia la asignación.
viaje,BD_RUTAS,M4/M12,version,bigint,Entero mayor o igual a 1,Sí,Planificación,Interno,Planificador aprueba versión de ruta. El conductor de cada hecho no se reemplaza retrospectivamente cuando cambia la asignación.
viaje,BD_RUTAS,M4/M12,sitio_id,uuid,Sitio de origen,Sí,Planificación,Interno,Planificador aprueba versión de ruta. El conductor de cada hecho no se reemplaza retrospectivamente cuando cambia la asignación.
viaje,BD_RUTAS,M4/M12,vehiculo_id,uuid,Vehículo propio o tercero,Sí,Planificación,Interno,Planificador aprueba versión de ruta. El conductor de cada hecho no se reemplaza retrospectivamente cuando cambia la asignación.
viaje,BD_RUTAS,M4/M12,conductor_id,uuid,Vínculo autorizado vigente,Sí,Planificación,Personal,Planificador aprueba versión de ruta. El conductor de cada hecho no se reemplaza retrospectivamente cuando cambia la asignación.
viaje,BD_RUTAS,M4/M12,fecha_operacion,date,Fecha local de jornada,Sí,Planificación,Interno,Planificador aprueba versión de ruta. El conductor de cada hecho no se reemplaza retrospectivamente cuando cambia la asignación.
viaje,BD_RUTAS,M4/M12,estado,varchar(16),"planificado, aprobado, iniciado, cerrado",Sí,Planificación,Interno,Planificador aprueba versión de ruta. El conductor de cada hecho no se reemplaza retrospectivamente cuando cambia la asignación.
viaje,BD_RUTAS,M4/M12,distancia_km,"numeric(12,3)",Distancia no negativa,No,Planificación,Interno,Planificador aprueba versión de ruta. El conductor de cada hecho no se reemplaza retrospectivamente cuando cambia la asignación.
parada,BD_RUTAS,M4,id,uuid,"UUID estable, PK",Sí,Planificación,Interno,"UNIQUE(viaje_id,secuencia). Se conserva la ventana original aun si la ruta real cambia."
parada,BD_RUTAS,M4,creado_en,timestamptz,UTC; instante de persistencia,Sí,Planificación,Interno,"UNIQUE(viaje_id,secuencia). Se conserva la ventana original aun si la ruta real cambia."
parada,BD_RUTAS,M4,version,bigint,Entero mayor o igual a 1,Sí,Planificación,Interno,"UNIQUE(viaje_id,secuencia). Se conserva la ventana original aun si la ruta real cambia."
parada,BD_RUTAS,M4,viaje_id,uuid,FK a viaje,Sí,Planificación,Interno,"UNIQUE(viaje_id,secuencia). Se conserva la ventana original aun si la ruta real cambia."
parada,BD_RUTAS,M4,punto_id,uuid,Punto autorizado de entrega,Sí,Planificación,Interno,"UNIQUE(viaje_id,secuencia). Se conserva la ventana original aun si la ruta real cambia."
parada,BD_RUTAS,M4,secuencia,integer,Entero positivo único por viaje,Sí,Planificación,Interno,"UNIQUE(viaje_id,secuencia). Se conserva la ventana original aun si la ruta real cambia."
parada,BD_RUTAS,M4,ventana_inicio,timestamptz,Compromiso para esta visita,Sí,Planificación,Interno,"UNIQUE(viaje_id,secuencia). Se conserva la ventana original aun si la ruta real cambia."
parada,BD_RUTAS,M4,ventana_fin,timestamptz,Posterior al inicio,Sí,Planificación,Interno,"UNIQUE(viaje_id,secuencia). Se conserva la ventana original aun si la ruta real cambia."
parada,BD_RUTAS,M4,restriccion,varchar(160),Regla de acceso o excepción documentada,No,Planificación,Interno,"UNIQUE(viaje_id,secuencia). Se conserva la ventana original aun si la ruta real cambia."
vehiculo,BD_RUTAS,M12,id,uuid,"UUID estable, PK",Sí,Flota,Interno,Maestro de capacidades gobernado por Flota; no se deduce capacidad del GPS.
vehiculo,BD_RUTAS,M12,creado_en,timestamptz,UTC; instante de persistencia,Sí,Flota,Interno,Maestro de capacidades gobernado por Flota; no se deduce capacidad del GPS.
vehiculo,BD_RUTAS,M12,version,bigint,Entero mayor o igual a 1,Sí,Flota,Interno,Maestro de capacidades gobernado por Flota; no se deduce capacidad del GPS.
vehiculo,BD_RUTAS,M12,patente,varchar(12),Identificador normalizado único,Sí,Flota,Interno,Maestro de capacidades gobernado por Flota; no se deduce capacidad del GPS.
vehiculo,BD_RUTAS,M12,transportista_id,uuid,"Empresa propietaria, si es tercero",No,Flota,Interno,Maestro de capacidades gobernado por Flota; no se deduce capacidad del GPS.
vehiculo,BD_RUTAS,M12,capacidad_kg,"numeric(12,3)",Mayor que cero,Sí,Flota,Interno,Maestro de capacidades gobernado por Flota; no se deduce capacidad del GPS.
vehiculo,BD_RUTAS,M12,capacidad_m3,"numeric(10,3)",Mayor que cero,Sí,Flota,Interno,Maestro de capacidades gobernado por Flota; no se deduce capacidad del GPS.
vehiculo,BD_RUTAS,M12,frio,boolean,Capacidad de transporte refrigerado,Sí,Flota,Interno,Maestro de capacidades gobernado por Flota; no se deduce capacidad del GPS.
entrega,BD_REPARTO,M6,id,uuid,"UUID estable, PK",Sí,Operaciones,Interno,Pedido tiene cero o muchas entregas/intentos. Entrega completa exige cubrir todas las cantidades pendientes; intento fallido conserva causal sin fabricar receptor.
entrega,BD_REPARTO,M6,creado_en,timestamptz,UTC; instante de persistencia,Sí,Operaciones,Interno,Pedido tiene cero o muchas entregas/intentos. Entrega completa exige cubrir todas las cantidades pendientes; intento fallido conserva causal sin fabricar receptor.
entrega,BD_REPARTO,M6,version,bigint,Entero mayor o igual a 1,Sí,Operaciones,Interno,Pedido tiene cero o muchas entregas/intentos. Entrega completa exige cubrir todas las cantidades pendientes; intento fallido conserva causal sin fabricar receptor.
entrega,BD_REPARTO,M6,pedido_id,uuid,Referencia al pedido,Sí,Operaciones,Interno,Pedido tiene cero o muchas entregas/intentos. Entrega completa exige cubrir todas las cantidades pendientes; intento fallido conserva causal sin fabricar receptor.
entrega,BD_REPARTO,M6,parada_id,uuid,Visita que origina el intento,Sí,Operaciones,Interno,Pedido tiene cero o muchas entregas/intentos. Entrega completa exige cubrir todas las cantidades pendientes; intento fallido conserva causal sin fabricar receptor.
entrega,BD_REPARTO,M6,despacho_id,uuid,Salida con guía válida,Sí,Operaciones,Interno,Pedido tiene cero o muchas entregas/intentos. Entrega completa exige cubrir todas las cantidades pendientes; intento fallido conserva causal sin fabricar receptor.
entrega,BD_REPARTO,M6,intento,integer,Número positivo por pedido/parada,Sí,Operaciones,Interno,Pedido tiene cero o muchas entregas/intentos. Entrega completa exige cubrir todas las cantidades pendientes; intento fallido conserva causal sin fabricar receptor.
entrega,BD_REPARTO,M6,estado,varchar(20),"completa, parcial, no_entregada, en_conflicto",Sí,Operaciones,Interno,Pedido tiene cero o muchas entregas/intentos. Entrega completa exige cubrir todas las cantidades pendientes; intento fallido conserva causal sin fabricar receptor.
entrega,BD_REPARTO,M6,receptor_cifrado,bytea,Identidad mínima cifrada; nombre o causal de ausencia,No,Operaciones,Personal restringido,Pedido tiene cero o muchas entregas/intentos. Entrega completa exige cubrir todas las cantidades pendientes; intento fallido conserva causal sin fabricar receptor.
entrega,BD_REPARTO,M6,ocurrido_en,timestamptz,Momento efectivo de recepción,Sí,Operaciones,Interno,Pedido tiene cero o muchas entregas/intentos. Entrega completa exige cubrir todas las cantidades pendientes; intento fallido conserva causal sin fabricar receptor.
entrega,BD_REPARTO,M6,actor_id,uuid,Conductor autor del registro,Sí,Operaciones,Personal,Pedido tiene cero o muchas entregas/intentos. Entrega completa exige cubrir todas las cantidades pendientes; intento fallido conserva causal sin fabricar receptor.
detalle_entrega,BD_REPARTO,M6,id,uuid,"UUID estable, PK",Sí,Operaciones,Interno,Aceptada más rechazada no supera asignación pendiente. Rechazo mayor que cero exige causal y retorno vinculado.
detalle_entrega,BD_REPARTO,M6,creado_en,timestamptz,UTC; instante de persistencia,Sí,Operaciones,Interno,Aceptada más rechazada no supera asignación pendiente. Rechazo mayor que cero exige causal y retorno vinculado.
detalle_entrega,BD_REPARTO,M6,version,bigint,Entero mayor o igual a 1,Sí,Operaciones,Interno,Aceptada más rechazada no supera asignación pendiente. Rechazo mayor que cero exige causal y retorno vinculado.
detalle_entrega,BD_REPARTO,M6,entrega_id,uuid,FK a entrega,Sí,Operaciones,Interno,Aceptada más rechazada no supera asignación pendiente. Rechazo mayor que cero exige causal y retorno vinculado.
detalle_entrega,BD_REPARTO,M6,asignacion_id,uuid,Lote y SSCC entregado,Sí,Operaciones,Interno,Aceptada más rechazada no supera asignación pendiente. Rechazo mayor que cero exige causal y retorno vinculado.
detalle_entrega,BD_REPARTO,M6,aceptada,"numeric(14,3)",Cantidad no negativa,Sí,Operaciones,Interno,Aceptada más rechazada no supera asignación pendiente. Rechazo mayor que cero exige causal y retorno vinculado.
detalle_entrega,BD_REPARTO,M6,rechazada,"numeric(14,3)",Cantidad no negativa,Sí,Operaciones,Interno,Aceptada más rechazada no supera asignación pendiente. Rechazo mayor que cero exige causal y retorno vinculado.
detalle_entrega,BD_REPARTO,M6,causal,varchar(40),"daño, vencimiento, no_solicitado, faltante, otra",No,Operaciones,Interno,Aceptada más rechazada no supera asignación pendiente. Rechazo mayor que cero exige causal y retorno vinculado.
evidencia_pod,BD_REPARTO,M6,id,uuid,"UUID estable, PK",Sí,Operaciones,Interno,Una entrega conserva cero o varias evidencias según causal y política; no se cambia el original ni se presume validez tributaria de una foto.
evidencia_pod,BD_REPARTO,M6,creado_en,timestamptz,UTC; instante de persistencia,Sí,Operaciones,Interno,Una entrega conserva cero o varias evidencias según causal y política; no se cambia el original ni se presume validez tributaria de una foto.
evidencia_pod,BD_REPARTO,M6,version,bigint,Entero mayor o igual a 1,Sí,Operaciones,Interno,Una entrega conserva cero o varias evidencias según causal y política; no se cambia el original ni se presume validez tributaria de una foto.
evidencia_pod,BD_REPARTO,M6,entrega_id,uuid,Entrega documentada,Sí,Operaciones,Interno,Una entrega conserva cero o varias evidencias según causal y política; no se cambia el original ni se presume validez tributaria de una foto.
evidencia_pod,BD_REPARTO,M6,objeto_id,uuid,Manifiesto de objeto S3,Sí,Operaciones,Interno,Una entrega conserva cero o varias evidencias según causal y política; no se cambia el original ni se presume validez tributaria de una foto.
evidencia_pod,BD_REPARTO,M6,tipo,varchar(16),"firma, foto, qr, constancia",Sí,Operaciones,Personal restringido,Una entrega conserva cero o varias evidencias según causal y política; no se cambia el original ni se presume validez tributaria de una foto.
evidencia_pod,BD_REPARTO,M6,hash_sha256,char(64),Huella del objeto original,Sí,Operaciones,Interno,Una entrega conserva cero o varias evidencias según causal y política; no se cambia el original ni se presume validez tributaria de una foto.
evidencia_pod,BD_REPARTO,M6,capturada_en,timestamptz,Hora en dispositivo,Sí,Operaciones,Interno,Una entrega conserva cero o varias evidencias según causal y política; no se cambia el original ni se presume validez tributaria de una foto.
evidencia_pod,BD_REPARTO,M6,causal_sin_firma,varchar(80),"Negativa, imposibilidad o receptor ausente",No,Operaciones,Personal,Una entrega conserva cero o varias evidencias según causal y política; no se cambia el original ni se presume validez tributaria de una foto.
documento_tributario,BD_COBRANZA_FINANZAS,M5/M7,id,uuid,"UUID estable, PK",Sí,Tributación,Interno,"ERP único emisor. UNIQUE(emisor_rut,tipo,folio); consulta por clave tras timeout antes de reemitir."
documento_tributario,BD_COBRANZA_FINANZAS,M5/M7,creado_en,timestamptz,UTC; instante de persistencia,Sí,Tributación,Interno,"ERP único emisor. UNIQUE(emisor_rut,tipo,folio); consulta por clave tras timeout antes de reemitir."
documento_tributario,BD_COBRANZA_FINANZAS,M5/M7,version,bigint,Entero mayor o igual a 1,Sí,Tributación,Interno,"ERP único emisor. UNIQUE(emisor_rut,tipo,folio); consulta por clave tras timeout antes de reemitir."
documento_tributario,BD_COBRANZA_FINANZAS,M5/M7,emisor_rut,varchar(12),RUT del emisor ERP,Sí,Tributación,Personal,"ERP único emisor. UNIQUE(emisor_rut,tipo,folio); consulta por clave tras timeout antes de reemitir."
documento_tributario,BD_COBRANZA_FINANZAS,M5/M7,tipo,varchar(24),"guia, factura, boleta, nota_credito, otro",Sí,Tributación,Interno,"ERP único emisor. UNIQUE(emisor_rut,tipo,folio); consulta por clave tras timeout antes de reemitir."
documento_tributario,BD_COBRANZA_FINANZAS,M5/M7,folio,bigint,Folio positivo; único por emisor y tipo,Sí,Tributación,Interno,"ERP único emisor. UNIQUE(emisor_rut,tipo,folio); consulta por clave tras timeout antes de reemitir."
documento_tributario,BD_COBRANZA_FINANZAS,M5/M7,despacho_id,uuid,Salida asociada para guía,No,Tributación,Interno,"ERP único emisor. UNIQUE(emisor_rut,tipo,folio); consulta por clave tras timeout antes de reemitir."
documento_tributario,BD_COBRANZA_FINANZAS,M5/M7,objeto_id,uuid,XML/documento original,Sí,Tributación,Interno,"ERP único emisor. UNIQUE(emisor_rut,tipo,folio); consulta por clave tras timeout antes de reemitir."
documento_tributario,BD_COBRANZA_FINANZAS,M5/M7,estado_erp,varchar(24),"solicitado, incierto, emitido, rechazado, anulado",Sí,Tributación,Interno,"ERP único emisor. UNIQUE(emisor_rut,tipo,folio); consulta por clave tras timeout antes de reemitir."
documento_tributario,BD_COBRANZA_FINANZAS,M5/M7,clave_solicitud,uuid,Clave idempotente estable por carga,Sí,Tributación,Interno,"ERP único emisor. UNIQUE(emisor_rut,tipo,folio); consulta por clave tras timeout antes de reemitir."
acuse,BD_COBRANZA_FINANZAS,M7,id,uuid,"UUID estable, PK",Sí,Tributación,Interno,Los acuses se registran por tipo; un MDN AS2 no equivale a aceptación comercial ni tributaria.
acuse,BD_COBRANZA_FINANZAS,M7,creado_en,timestamptz,UTC; instante de persistencia,Sí,Tributación,Interno,Los acuses se registran por tipo; un MDN AS2 no equivale a aceptación comercial ni tributaria.
acuse,BD_COBRANZA_FINANZAS,M7,version,bigint,Entero mayor o igual a 1,Sí,Tributación,Interno,Los acuses se registran por tipo; un MDN AS2 no equivale a aceptación comercial ni tributaria.
acuse,BD_COBRANZA_FINANZAS,M7,documento_id,uuid,Documento relacionado,Sí,Tributación,Interno,Los acuses se registran por tipo; un MDN AS2 no equivale a aceptación comercial ni tributaria.
acuse,BD_COBRANZA_FINANZAS,M7,tipo,varchar(24),"tecnico_sii, mercaderia_destinatario, mdn_edi",Sí,Tributación,Interno,Los acuses se registran por tipo; un MDN AS2 no equivale a aceptación comercial ni tributaria.
acuse,BD_COBRANZA_FINANZAS,M7,origen,varchar(80),"ERP, SII o destinatario/cadena",Sí,Tributación,Interno,Los acuses se registran por tipo; un MDN AS2 no equivale a aceptación comercial ni tributaria.
acuse,BD_COBRANZA_FINANZAS,M7,estado,varchar(20),"recibido, aceptado, rechazado, observado",Sí,Tributación,Interno,Los acuses se registran por tipo; un MDN AS2 no equivale a aceptación comercial ni tributaria.
acuse,BD_COBRANZA_FINANZAS,M7,objeto_id,uuid,Comprobante original,Sí,Tributación,Interno,Los acuses se registran por tipo; un MDN AS2 no equivale a aceptación comercial ni tributaria.
acuse,BD_COBRANZA_FINANZAS,M7,ocurrido_en,timestamptz,Hora de recepción,Sí,Tributación,Interno,Los acuses se registran por tipo; un MDN AS2 no equivale a aceptación comercial ni tributaria.
cobro,BD_COBRANZA_FINANZAS,M7,id,uuid,"UUID estable, PK",Sí,Tesorería,Interno,No se confirma tarjeta por timeout. El efectivo capturado se concilia con rendición; no se suma dos veces por reintento.
cobro,BD_COBRANZA_FINANZAS,M7,creado_en,timestamptz,UTC; instante de persistencia,Sí,Tesorería,Interno,No se confirma tarjeta por timeout. El efectivo capturado se concilia con rendición; no se suma dos veces por reintento.
cobro,BD_COBRANZA_FINANZAS,M7,version,bigint,Entero mayor o igual a 1,Sí,Tesorería,Interno,No se confirma tarjeta por timeout. El efectivo capturado se concilia con rendición; no se suma dos veces por reintento.
cobro,BD_COBRANZA_FINANZAS,M7,entrega_id,uuid,Entrega que origina pago,Sí,Tesorería,Interno,No se confirma tarjeta por timeout. El efectivo capturado se concilia con rendición; no se suma dos veces por reintento.
cobro,BD_COBRANZA_FINANZAS,M7,conductor_id,uuid,Custodio en turno,Sí,Tesorería,Personal,No se confirma tarjeta por timeout. El efectivo capturado se concilia con rendición; no se suma dos veces por reintento.
cobro,BD_COBRANZA_FINANZAS,M7,medio,varchar(16),"efectivo, tarjeta, transferencia, credito",Sí,Tesorería,Interno,No se confirma tarjeta por timeout. El efectivo capturado se concilia con rendición; no se suma dos veces por reintento.
cobro,BD_COBRANZA_FINANZAS,M7,monto_cifrado,bytea,Importe CLP no negativo cifrado,Sí,Tesorería,Financiero restringido,No se confirma tarjeta por timeout. El efectivo capturado se concilia con rendición; no se suma dos veces por reintento.
cobro,BD_COBRANZA_FINANZAS,M7,referencia_pasarela,varchar(100),Referencia tokenizada; sin PAN ni CVV,No,Tesorería,Financiero restringido,No se confirma tarjeta por timeout. El efectivo capturado se concilia con rendición; no se suma dos veces por reintento.
cobro,BD_COBRANZA_FINANZAS,M7,estado,varchar(16),"capturado, confirmado, incierto, rechazado",Sí,Tesorería,Interno,No se confirma tarjeta por timeout. El efectivo capturado se concilia con rendición; no se suma dos veces por reintento.
cobro,BD_COBRANZA_FINANZAS,M7,ocurrido_en,timestamptz,Hora del pago,Sí,Tesorería,Interno,No se confirma tarjeta por timeout. El efectivo capturado se concilia con rendición; no se suma dos veces por reintento.
rendicion,BD_COBRANZA_FINANZAS,M7,id,uuid,"UUID estable, PK",Sí,Tesorería,Interno,"Tesorería valida esperado, recibido y diferencia. Corrección por ajuste con autor y motivo; la captura del conductor no es cierre contable ERP."
rendicion,BD_COBRANZA_FINANZAS,M7,creado_en,timestamptz,UTC; instante de persistencia,Sí,Tesorería,Interno,"Tesorería valida esperado, recibido y diferencia. Corrección por ajuste con autor y motivo; la captura del conductor no es cierre contable ERP."
rendicion,BD_COBRANZA_FINANZAS,M7,version,bigint,Entero mayor o igual a 1,Sí,Tesorería,Interno,"Tesorería valida esperado, recibido y diferencia. Corrección por ajuste con autor y motivo; la captura del conductor no es cierre contable ERP."
rendicion,BD_COBRANZA_FINANZAS,M7,conductor_id,uuid,Autor/custodio,Sí,Tesorería,Personal,"Tesorería valida esperado, recibido y diferencia. Corrección por ajuste con autor y motivo; la captura del conductor no es cierre contable ERP."
rendicion,BD_COBRANZA_FINANZAS,M7,viaje_id,uuid,Viaje rendido,Sí,Tesorería,Interno,"Tesorería valida esperado, recibido y diferencia. Corrección por ajuste con autor y motivo; la captura del conductor no es cierre contable ERP."
rendicion,BD_COBRANZA_FINANZAS,M7,esperado_cifrado,bytea,Suma de cobros de efectivo confirmados,Sí,Tesorería,Financiero restringido,"Tesorería valida esperado, recibido y diferencia. Corrección por ajuste con autor y motivo; la captura del conductor no es cierre contable ERP."
rendicion,BD_COBRANZA_FINANZAS,M7,recibido_cifrado,bytea,Monto contado por Tesorería,Sí,Tesorería,Financiero restringido,"Tesorería valida esperado, recibido y diferencia. Corrección por ajuste con autor y motivo; la captura del conductor no es cierre contable ERP."
rendicion,BD_COBRANZA_FINANZAS,M7,causal_diferencia,varchar(160),Explicación obligatoria si hay diferencia,No,Tesorería,Financiero restringido,"Tesorería valida esperado, recibido y diferencia. Corrección por ajuste con autor y motivo; la captura del conductor no es cierre contable ERP."
rendicion,BD_COBRANZA_FINANZAS,M7,estado,varchar(16),"abierta, conciliada, observada, cerrada",Sí,Tesorería,Interno,"Tesorería valida esperado, recibido y diferencia. Corrección por ajuste con autor y motivo; la captura del conductor no es cierre contable ERP."
saldo_credito,BD_COBRANZA_FINANZAS,M7,id,uuid,"UUID estable, PK",Sí,Tesorería,Interno,Proyección del ERP; no se sustituye con un saldo offline. M3 presenta antigüedad y no habilita crédito adicional durante incertidumbre.
saldo_credito,BD_COBRANZA_FINANZAS,M7,creado_en,timestamptz,UTC; instante de persistencia,Sí,Tesorería,Interno,Proyección del ERP; no se sustituye con un saldo offline. M3 presenta antigüedad y no habilita crédito adicional durante incertidumbre.
saldo_credito,BD_COBRANZA_FINANZAS,M7,version,bigint,Entero mayor o igual a 1,Sí,Tesorería,Interno,Proyección del ERP; no se sustituye con un saldo offline. M3 presenta antigüedad y no habilita crédito adicional durante incertidumbre.
saldo_credito,BD_COBRANZA_FINANZAS,M7,cliente_id,uuid,Maestro cliente único,Sí,Tesorería,Interno,Proyección del ERP; no se sustituye con un saldo offline. M3 presenta antigüedad y no habilita crédito adicional durante incertidumbre.
saldo_credito,BD_COBRANZA_FINANZAS,M7,saldo_cifrado,bytea,Saldo vivo CLP cifrado,Sí,Tesorería,Financiero restringido,Proyección del ERP; no se sustituye con un saldo offline. M3 presenta antigüedad y no habilita crédito adicional durante incertidumbre.
saldo_credito,BD_COBRANZA_FINANZAS,M7,limite_cifrado,bytea,Límite autorizado cifrado,Sí,Tesorería,Financiero restringido,Proyección del ERP; no se sustituye con un saldo offline. M3 presenta antigüedad y no habilita crédito adicional durante incertidumbre.
saldo_credito,BD_COBRANZA_FINANZAS,M7,bloqueado,boolean,Restricción comunicada por ERP,Sí,Tesorería,Interno,Proyección del ERP; no se sustituye con un saldo offline. M3 presenta antigüedad y no habilita crédito adicional durante incertidumbre.
saldo_credito,BD_COBRANZA_FINANZAS,M7,vigente_en,timestamptz,Fecha de fuente ERP,Sí,Tesorería,Interno,Proyección del ERP; no se sustituye con un saldo offline. M3 presenta antigüedad y no habilita crédito adicional durante incertidumbre.
devolucion,BD_INVENTARIO,M8,id,uuid,"UUID estable, PK",Sí,Operaciones,Interno,Recepción física local no acredita aptitud ni abono. Calidad decide reingreso; ERP emite documento posterior enlazado al original.
devolucion,BD_INVENTARIO,M8,creado_en,timestamptz,UTC; instante de persistencia,Sí,Operaciones,Interno,Recepción física local no acredita aptitud ni abono. Calidad decide reingreso; ERP emite documento posterior enlazado al original.
devolucion,BD_INVENTARIO,M8,version,bigint,Entero mayor o igual a 1,Sí,Operaciones,Interno,Recepción física local no acredita aptitud ni abono. Calidad decide reingreso; ERP emite documento posterior enlazado al original.
devolucion,BD_INVENTARIO,M8,entrega_id,uuid,Entrega o intento original,Sí,Operaciones,Interno,Recepción física local no acredita aptitud ni abono. Calidad decide reingreso; ERP emite documento posterior enlazado al original.
devolucion,BD_INVENTARIO,M8,lote_id,uuid,Lote de retorno,Sí,Operaciones,Interno,Recepción física local no acredita aptitud ni abono. Calidad decide reingreso; ERP emite documento posterior enlazado al original.
devolucion,BD_INVENTARIO,M8,cantidad,"numeric(14,3)",Mayor que cero,Sí,Operaciones,Interno,Recepción física local no acredita aptitud ni abono. Calidad decide reingreso; ERP emite documento posterior enlazado al original.
devolucion,BD_INVENTARIO,M8,causal,varchar(40),"daño, vencimiento, no_solicitado, otra",Sí,Operaciones,Interno,Recepción física local no acredita aptitud ni abono. Calidad decide reingreso; ERP emite documento posterior enlazado al original.
devolucion,BD_INVENTARIO,M8,estado,varchar(20),"capturada, recibida, cuarentena, liberada, descartada",Sí,Operaciones,Interno,Recepción física local no acredita aptitud ni abono. Calidad decide reingreso; ERP emite documento posterior enlazado al original.
devolucion,BD_INVENTARIO,M8,documento_posterior_id,uuid,Documento emitido por ERP si corresponde,No,Operaciones,Interno,Recepción física local no acredita aptitud ni abono. Calidad decide reingreso; ERP emite documento posterior enlazado al original.
movimiento_envase,BD_INVENTARIO,M8,id,uuid,"UUID estable, PK",Sí,Operaciones,Interno,Saldo por cliente/tipo = suma de movimientos aceptados. No se crea una identidad por cada canastillo; disputa no elimina evidencia del hecho.
movimiento_envase,BD_INVENTARIO,M8,creado_en,timestamptz,UTC; instante de persistencia,Sí,Operaciones,Interno,Saldo por cliente/tipo = suma de movimientos aceptados. No se crea una identidad por cada canastillo; disputa no elimina evidencia del hecho.
movimiento_envase,BD_INVENTARIO,M8,version,bigint,Entero mayor o igual a 1,Sí,Operaciones,Interno,Saldo por cliente/tipo = suma de movimientos aceptados. No se crea una identidad por cada canastillo; disputa no elimina evidencia del hecho.
movimiento_envase,BD_INVENTARIO,M8,cliente_id,uuid,Cuenta corriente del cliente,Sí,Operaciones,Interno,Saldo por cliente/tipo = suma de movimientos aceptados. No se crea una identidad por cada canastillo; disputa no elimina evidencia del hecho.
movimiento_envase,BD_INVENTARIO,M8,tipo_envase,varchar(16),"canastillo, pallet",Sí,Operaciones,Interno,Saldo por cliente/tipo = suma de movimientos aceptados. No se crea una identidad por cada canastillo; disputa no elimina evidencia del hecho.
movimiento_envase,BD_INVENTARIO,M8,cantidad_delta,integer,"Cargo positivo, retorno negativo; distinto de cero",Sí,Operaciones,Interno,Saldo por cliente/tipo = suma de movimientos aceptados. No se crea una identidad por cada canastillo; disputa no elimina evidencia del hecho.
movimiento_envase,BD_INVENTARIO,M8,entrega_id,uuid,Entrega de origen si aplica,No,Operaciones,Interno,Saldo por cliente/tipo = suma de movimientos aceptados. No se crea una identidad por cada canastillo; disputa no elimina evidencia del hecho.
movimiento_envase,BD_INVENTARIO,M8,sitio_id,uuid,Sitio de recepción física,Sí,Operaciones,Interno,Saldo por cliente/tipo = suma de movimientos aceptados. No se crea una identidad por cada canastillo; disputa no elimina evidencia del hecho.
movimiento_envase,BD_INVENTARIO,M8,estado,varchar(16),"capturado, aceptado, disputado, compensado",Sí,Operaciones,Interno,Saldo por cliente/tipo = suma de movimientos aceptados. No se crea una identidad por cada canastillo; disputa no elimina evidencia del hecho.
movimiento_envase,BD_INVENTARIO,M8,evidencia_id,uuid,Constancia vinculada,No,Operaciones,Personal restringido,Saldo por cliente/tipo = suma de movimientos aceptados. No se crea una identidad por cada canastillo; disputa no elimina evidencia del hecho.
sensor,BD_TELEMETRIA,M9,id,uuid,"UUID estable, PK",Sí,Calidad,Interno,Exactamente una ubicación sitio/vehículo; gateway redundante no crea un segundo sensor físico.
sensor,BD_TELEMETRIA,M9,creado_en,timestamptz,UTC; instante de persistencia,Sí,Calidad,Interno,Exactamente una ubicación sitio/vehículo; gateway redundante no crea un segundo sensor físico.
sensor,BD_TELEMETRIA,M9,version,bigint,Entero mayor o igual a 1,Sí,Calidad,Interno,Exactamente una ubicación sitio/vehículo; gateway redundante no crea un segundo sensor físico.
sensor,BD_TELEMETRIA,M9,codigo,varchar(40),Identificador único del sensor físico,Sí,Calidad,Interno,Exactamente una ubicación sitio/vehículo; gateway redundante no crea un segundo sensor físico.
sensor,BD_TELEMETRIA,M9,sitio_id,uuid,Sitio; nulo para vehículo,No,Calidad,Interno,Exactamente una ubicación sitio/vehículo; gateway redundante no crea un segundo sensor físico.
sensor,BD_TELEMETRIA,M9,vehiculo_id,uuid,Vehículo; nulo para cámara,No,Calidad,Interno,Exactamente una ubicación sitio/vehículo; gateway redundante no crea un segundo sensor físico.
sensor,BD_TELEMETRIA,M9,calibrado_en,date,Fecha de última calibración,Sí,Calidad,Interno,Exactamente una ubicación sitio/vehículo; gateway redundante no crea un segundo sensor físico.
sensor,BD_TELEMETRIA,M9,intervalo_seg,integer,Muestreo positivo según perfil técnico,Sí,Calidad,Interno,Exactamente una ubicación sitio/vehículo; gateway redundante no crea un segundo sensor físico.
lectura_termica,BD_TELEMETRIA,M9,id,uuid,"UUID estable, PK",Sí,Calidad,Interno,"Clave de deduplicación sensor/sesión/secuencia; conservar discrepancias de valor como incidente. Raw en DynamoDB, serie validada en Parquet y Redshift."
lectura_termica,BD_TELEMETRIA,M9,creado_en,timestamptz,UTC; instante de persistencia,Sí,Calidad,Interno,"Clave de deduplicación sensor/sesión/secuencia; conservar discrepancias de valor como incidente. Raw en DynamoDB, serie validada en Parquet y Redshift."
lectura_termica,BD_TELEMETRIA,M9,version,bigint,Entero mayor o igual a 1,Sí,Calidad,Interno,"Clave de deduplicación sensor/sesión/secuencia; conservar discrepancias de valor como incidente. Raw en DynamoDB, serie validada en Parquet y Redshift."
lectura_termica,BD_TELEMETRIA,M9,sensor_id,uuid,Sensor de origen,Sí,Calidad,Interno,"Clave de deduplicación sensor/sesión/secuencia; conservar discrepancias de valor como incidente. Raw en DynamoDB, serie validada en Parquet y Redshift."
lectura_termica,BD_TELEMETRIA,M9,secuencia_origen,bigint,Secuencia del dispositivo y sesión,Sí,Calidad,Interno,"Clave de deduplicación sensor/sesión/secuencia; conservar discrepancias de valor como incidente. Raw en DynamoDB, serie validada en Parquet y Redshift."
lectura_termica,BD_TELEMETRIA,M9,sesion_origen,varchar(40),Identifica reinicio del termógrafo,Sí,Calidad,Interno,"Clave de deduplicación sensor/sesión/secuencia; conservar discrepancias de valor como incidente. Raw en DynamoDB, serie validada en Parquet y Redshift."
lectura_termica,BD_TELEMETRIA,M9,ocurrido_en,timestamptz,Hora de muestreo UTC,Sí,Calidad,Interno,"Clave de deduplicación sensor/sesión/secuencia; conservar discrepancias de valor como incidente. Raw en DynamoDB, serie validada en Parquet y Redshift."
lectura_termica,BD_TELEMETRIA,M9,valor_c,"numeric(5,2)",Temperatura Celsius,Sí,Calidad,Interno,"Clave de deduplicación sensor/sesión/secuencia; conservar discrepancias de valor como incidente. Raw en DynamoDB, serie validada en Parquet y Redshift."
lectura_termica,BD_TELEMETRIA,M9,calidad,varchar(16),"valida, sospechosa, sin_calibracion",Sí,Calidad,Interno,"Clave de deduplicación sensor/sesión/secuencia; conservar discrepancias de valor como incidente. Raw en DynamoDB, serie validada en Parquet y Redshift."
lectura_termica,BD_TELEMETRIA,M9,gateway_id,varchar(40),"Gateway que transportó, no clave de lectura",Sí,Calidad,Interno,"Clave de deduplicación sensor/sesión/secuencia; conservar discrepancias de valor como incidente. Raw en DynamoDB, serie validada en Parquet y Redshift."
bloqueo_calidad,BD_CALIDAD_TRAZABILIDAD,M9,id,uuid,"UUID estable, PK",Sí,Calidad,Interno,"Bloqueo local aplica a M5 en menos de 5 s según arquitectura; liberación exige decisión motivada de Calidad, no tiempo de espera."
bloqueo_calidad,BD_CALIDAD_TRAZABILIDAD,M9,creado_en,timestamptz,UTC; instante de persistencia,Sí,Calidad,Interno,"Bloqueo local aplica a M5 en menos de 5 s según arquitectura; liberación exige decisión motivada de Calidad, no tiempo de espera."
bloqueo_calidad,BD_CALIDAD_TRAZABILIDAD,M9,version,bigint,Entero mayor o igual a 1,Sí,Calidad,Interno,"Bloqueo local aplica a M5 en menos de 5 s según arquitectura; liberación exige decisión motivada de Calidad, no tiempo de espera."
bloqueo_calidad,BD_CALIDAD_TRAZABILIDAD,M9,lote_id,uuid,Lote afectado,Sí,Calidad,Interno,"Bloqueo local aplica a M5 en menos de 5 s según arquitectura; liberación exige decisión motivada de Calidad, no tiempo de espera."
bloqueo_calidad,BD_CALIDAD_TRAZABILIDAD,M9,sensor_id,uuid,Sensor causante si térmico,No,Calidad,Interno,"Bloqueo local aplica a M5 en menos de 5 s según arquitectura; liberación exige decisión motivada de Calidad, no tiempo de espera."
bloqueo_calidad,BD_CALIDAD_TRAZABILIDAD,M9,motivo,varchar(80),"Excursión, retiro sanitario u observación",Sí,Calidad,Interno,"Bloqueo local aplica a M5 en menos de 5 s según arquitectura; liberación exige decisión motivada de Calidad, no tiempo de espera."
bloqueo_calidad,BD_CALIDAD_TRAZABILIDAD,M9,estado,varchar(16),"activo, liberado, descartado",Sí,Calidad,Interno,"Bloqueo local aplica a M5 en menos de 5 s según arquitectura; liberación exige decisión motivada de Calidad, no tiempo de espera."
bloqueo_calidad,BD_CALIDAD_TRAZABILIDAD,M9,decisor_id,uuid,Responsable de Calidad para liberar,No,Calidad,Personal,"Bloqueo local aplica a M5 en menos de 5 s según arquitectura; liberación exige decisión motivada de Calidad, no tiempo de espera."
bloqueo_calidad,BD_CALIDAD_TRAZABILIDAD,M9,ocurrido_en,timestamptz,Hora de bloqueo,Sí,Calidad,Interno,"Bloqueo local aplica a M5 en menos de 5 s según arquitectura; liberación exige decisión motivada de Calidad, no tiempo de espera."
posicion_flota,BD_TELEMETRIA,M12,id,uuid,"UUID estable, PK",Sí,Flota,Interno,Se ingiere por INT-15 desde telemetría existente. Plazo máximo de dato personal 12 meses; métricas agregadas irreversibles se separan del identificador de persona.
posicion_flota,BD_TELEMETRIA,M12,creado_en,timestamptz,UTC; instante de persistencia,Sí,Flota,Interno,Se ingiere por INT-15 desde telemetría existente. Plazo máximo de dato personal 12 meses; métricas agregadas irreversibles se separan del identificador de persona.
posicion_flota,BD_TELEMETRIA,M12,version,bigint,Entero mayor o igual a 1,Sí,Flota,Interno,Se ingiere por INT-15 desde telemetría existente. Plazo máximo de dato personal 12 meses; métricas agregadas irreversibles se separan del identificador de persona.
posicion_flota,BD_TELEMETRIA,M12,vehiculo_id,uuid,Vehículo telemático,Sí,Flota,Interno,Se ingiere por INT-15 desde telemetría existente. Plazo máximo de dato personal 12 meses; métricas agregadas irreversibles se separan del identificador de persona.
posicion_flota,BD_TELEMETRIA,M12,viaje_id,uuid,Viaje asociado si existe,No,Flota,Interno,Se ingiere por INT-15 desde telemetría existente. Plazo máximo de dato personal 12 meses; métricas agregadas irreversibles se separan del identificador de persona.
posicion_flota,BD_TELEMETRIA,M12,referencia_tercero,varchar(100),Clave de lectura externa única,Sí,Flota,Interno,Se ingiere por INT-15 desde telemetría existente. Plazo máximo de dato personal 12 meses; métricas agregadas irreversibles se separan del identificador de persona.
posicion_flota,BD_TELEMETRIA,M12,posicion_cifrada,bytea,Coordenadas cifradas a nivel de campo,Sí,Flota,Personal restringido,Se ingiere por INT-15 desde telemetría existente. Plazo máximo de dato personal 12 meses; métricas agregadas irreversibles se separan del identificador de persona.
posicion_flota,BD_TELEMETRIA,M12,ocurrido_en,timestamptz,Hora del GPS,Sí,Flota,Interno,Se ingiere por INT-15 desde telemetría existente. Plazo máximo de dato personal 12 meses; métricas agregadas irreversibles se separan del identificador de persona.
transportista,BD_GOBIERNO_ACCESO,M6/M12,id,uuid,"UUID estable, PK",Sí,Flota,Interno,Transportista declara conductores; autorización y revocación conservan versión y rastro.
transportista,BD_GOBIERNO_ACCESO,M6/M12,creado_en,timestamptz,UTC; instante de persistencia,Sí,Flota,Interno,Transportista declara conductores; autorización y revocación conservan versión y rastro.
transportista,BD_GOBIERNO_ACCESO,M6/M12,version,bigint,Entero mayor o igual a 1,Sí,Flota,Interno,Transportista declara conductores; autorización y revocación conservan versión y rastro.
transportista,BD_GOBIERNO_ACCESO,M6/M12,rut,varchar(12),RUT válido único,Sí,Flota,Personal,Transportista declara conductores; autorización y revocación conservan versión y rastro.
transportista,BD_GOBIERNO_ACCESO,M6/M12,razon_social,varchar(160),Empresa autorizada,Sí,Flota,Personal,Transportista declara conductores; autorización y revocación conservan versión y rastro.
transportista,BD_GOBIERNO_ACCESO,M6/M12,estado,varchar(16),"activo, suspendido, finalizado",Sí,Flota,Interno,Transportista declara conductores; autorización y revocación conservan versión y rastro.
vinculo_conductor,BD_GOBIERNO_ACCESO,M6,id,uuid,"UUID estable, PK",Sí,Flota,Interno,"Autor de POD refiere actor y vínculo histórico. Reemplazar conductor requiere un vínculo nuevo, sin sobrescribir el anterior."
vinculo_conductor,BD_GOBIERNO_ACCESO,M6,creado_en,timestamptz,UTC; instante de persistencia,Sí,Flota,Interno,"Autor de POD refiere actor y vínculo histórico. Reemplazar conductor requiere un vínculo nuevo, sin sobrescribir el anterior."
vinculo_conductor,BD_GOBIERNO_ACCESO,M6,version,bigint,Entero mayor o igual a 1,Sí,Flota,Interno,"Autor de POD refiere actor y vínculo histórico. Reemplazar conductor requiere un vínculo nuevo, sin sobrescribir el anterior."
vinculo_conductor,BD_GOBIERNO_ACCESO,M6,actor_id,uuid,Identidad Keycloak estable,Sí,Flota,Personal,"Autor de POD refiere actor y vínculo histórico. Reemplazar conductor requiere un vínculo nuevo, sin sobrescribir el anterior."
vinculo_conductor,BD_GOBIERNO_ACCESO,M6,transportista_id,uuid,Empresa; nulo si propio,No,Flota,Interno,"Autor de POD refiere actor y vínculo histórico. Reemplazar conductor requiere un vínculo nuevo, sin sobrescribir el anterior."
vinculo_conductor,BD_GOBIERNO_ACCESO,M6,desde,timestamptz,Inicio del vínculo,Sí,Flota,Interno,"Autor de POD refiere actor y vínculo histórico. Reemplazar conductor requiere un vínculo nuevo, sin sobrescribir el anterior."
vinculo_conductor,BD_GOBIERNO_ACCESO,M6,hasta,timestamptz,"Fin del vínculo, posterior al inicio",No,Flota,Interno,"Autor de POD refiere actor y vínculo histórico. Reemplazar conductor requiere un vínculo nuevo, sin sobrescribir el anterior."
vinculo_conductor,BD_GOBIERNO_ACCESO,M6,estado,varchar(16),"activo, revocado, expirado",Sí,Flota,Interno,"Autor de POD refiere actor y vínculo histórico. Reemplazar conductor requiere un vínculo nuevo, sin sobrescribir el anterior."
autorizacion_turno,BD_GOBIERNO_ACCESO,M1/M5/M6,id,uuid,"UUID estable, PK",Sí,Seguridad,Interno,El caché de identidad de 24 h no extiende la credencial del turno. No se almacenan PIN ni tokens en texto claro.
autorizacion_turno,BD_GOBIERNO_ACCESO,M1/M5/M6,creado_en,timestamptz,UTC; instante de persistencia,Sí,Seguridad,Interno,El caché de identidad de 24 h no extiende la credencial del turno. No se almacenan PIN ni tokens en texto claro.
autorizacion_turno,BD_GOBIERNO_ACCESO,M1/M5/M6,version,bigint,Entero mayor o igual a 1,Sí,Seguridad,Interno,El caché de identidad de 24 h no extiende la credencial del turno. No se almacenan PIN ni tokens en texto claro.
autorizacion_turno,BD_GOBIERNO_ACCESO,M1/M5/M6,actor_id,uuid,Identidad del autor,Sí,Seguridad,Personal,El caché de identidad de 24 h no extiende la credencial del turno. No se almacenan PIN ni tokens en texto claro.
autorizacion_turno,BD_GOBIERNO_ACCESO,M1/M5/M6,dispositivo_id,uuid,Equipo autorizado,Sí,Seguridad,Interno,El caché de identidad de 24 h no extiende la credencial del turno. No se almacenan PIN ni tokens en texto claro.
autorizacion_turno,BD_GOBIERNO_ACCESO,M1/M5/M6,sitio_id,uuid,Sitio o ámbito del turno,Sí,Seguridad,Interno,El caché de identidad de 24 h no extiende la credencial del turno. No se almacenan PIN ni tokens en texto claro.
autorizacion_turno,BD_GOBIERNO_ACCESO,M1/M5/M6,valida_hasta,timestamptz,8 h bodega o 14 h terreno según arquitectura,Sí,Seguridad,Interno,El caché de identidad de 24 h no extiende la credencial del turno. No se almacenan PIN ni tokens en texto claro.
autorizacion_turno,BD_GOBIERNO_ACCESO,M1/M5/M6,manifiesto_hash,char(64),Manifiesto firmado de autorización,Sí,Seguridad,Interno,El caché de identidad de 24 h no extiende la credencial del turno. No se almacenan PIN ni tokens en texto claro.
autorizacion_turno,BD_GOBIERNO_ACCESO,M1/M5/M6,estado,varchar(16),"vigente, revocada, expirada",Sí,Seguridad,Interno,El caché de identidad de 24 h no extiende la credencial del turno. No se almacenan PIN ni tokens en texto claro.
mensaje_edi,BD_EDI_CANALMODERNO,M11,id,uuid,"UUID estable, PK",Sí,Comercial,Interno,MDN se separa de respuesta comercial; M11 solicita a M3 el pedido y no escribe reserva M2.
mensaje_edi,BD_EDI_CANALMODERNO,M11,creado_en,timestamptz,UTC; instante de persistencia,Sí,Comercial,Interno,MDN se separa de respuesta comercial; M11 solicita a M3 el pedido y no escribe reserva M2.
mensaje_edi,BD_EDI_CANALMODERNO,M11,version,bigint,Entero mayor o igual a 1,Sí,Comercial,Interno,MDN se separa de respuesta comercial; M11 solicita a M3 el pedido y no escribe reserva M2.
mensaje_edi,BD_EDI_CANALMODERNO,M11,cadena_id,varchar(40),Socio y perfil versionado,Sí,Comercial,Interno,MDN se separa de respuesta comercial; M11 solicita a M3 el pedido y no escribe reserva M2.
mensaje_edi,BD_EDI_CANALMODERNO,M11,referencia_externa,varchar(100),Documento único por cadena/tipo,Sí,Comercial,Interno,MDN se separa de respuesta comercial; M11 solicita a M3 el pedido y no escribe reserva M2.
mensaje_edi,BD_EDI_CANALMODERNO,M11,tipo,varchar(24),"pedido, respuesta, aviso_despacho, factura",Sí,Comercial,Interno,MDN se separa de respuesta comercial; M11 solicita a M3 el pedido y no escribe reserva M2.
mensaje_edi,BD_EDI_CANALMODERNO,M11,formato,varchar(16),"EANCOM, GS1_XML, EPCIS",Sí,Comercial,Interno,MDN se separa de respuesta comercial; M11 solicita a M3 el pedido y no escribe reserva M2.
mensaje_edi,BD_EDI_CANALMODERNO,M11,objeto_id,uuid,Original AS2 y transformación,Sí,Comercial,Interno,MDN se separa de respuesta comercial; M11 solicita a M3 el pedido y no escribe reserva M2.
mensaje_edi,BD_EDI_CANALMODERNO,M11,pedido_id,uuid,Pedido canónico resultante,No,Comercial,Interno,MDN se separa de respuesta comercial; M11 solicita a M3 el pedido y no escribe reserva M2.
mensaje_edi,BD_EDI_CANALMODERNO,M11,estado,varchar(20),"recibido, validado, traducido, observado, respondido",Sí,Comercial,Interno,MDN se separa de respuesta comercial; M11 solicita a M3 el pedido y no escribe reserva M2.
notificacion,BD_MAILS_NOTIF,M3/M6,id,uuid,"UUID estable, PK",Sí,Comercial,Interno,"UNIQUE(evento_id,cliente_id,canal,plantilla); enviada no implica leída. Cliente sin canal digital conserva atención por preventista/conductor."
notificacion,BD_MAILS_NOTIF,M3/M6,creado_en,timestamptz,UTC; instante de persistencia,Sí,Comercial,Interno,"UNIQUE(evento_id,cliente_id,canal,plantilla); enviada no implica leída. Cliente sin canal digital conserva atención por preventista/conductor."
notificacion,BD_MAILS_NOTIF,M3/M6,version,bigint,Entero mayor o igual a 1,Sí,Comercial,Interno,"UNIQUE(evento_id,cliente_id,canal,plantilla); enviada no implica leída. Cliente sin canal digital conserva atención por preventista/conductor."
notificacion,BD_MAILS_NOTIF,M3/M6,cliente_id,uuid,Destinatario autorizado,Sí,Comercial,Interno,"UNIQUE(evento_id,cliente_id,canal,plantilla); enviada no implica leída. Cliente sin canal digital conserva atención por preventista/conductor."
notificacion,BD_MAILS_NOTIF,M3/M6,canal,varchar(16),"sms, mensajeria, correo, app",Sí,Comercial,Personal,"UNIQUE(evento_id,cliente_id,canal,plantilla); enviada no implica leída. Cliente sin canal digital conserva atención por preventista/conductor."
notificacion,BD_MAILS_NOTIF,M3/M6,plantilla,varchar(40),Plantilla versionada sin datos de pago en claro,Sí,Comercial,Interno,"UNIQUE(evento_id,cliente_id,canal,plantilla); enviada no implica leída. Cliente sin canal digital conserva atención por preventista/conductor."
notificacion,BD_MAILS_NOTIF,M3/M6,evento_id,uuid,Hecho que genera aviso,Sí,Comercial,Interno,"UNIQUE(evento_id,cliente_id,canal,plantilla); enviada no implica leída. Cliente sin canal digital conserva atención por preventista/conductor."
notificacion,BD_MAILS_NOTIF,M3/M6,estado,varchar(16),"pendiente, enviada, entregada, fallida",Sí,Comercial,Interno,"UNIQUE(evento_id,cliente_id,canal,plantilla); enviada no implica leída. Cliente sin canal digital conserva atención por preventista/conductor."
notificacion,BD_MAILS_NOTIF,M3/M6,referencia_proveedor,varchar(100),Acuse técnico del proveedor,No,Comercial,Interno,"UNIQUE(evento_id,cliente_id,canal,plantilla); enviada no implica leída. Cliente sin canal digital conserva atención por preventista/conductor."
objeto_documental,S3_DOCS,M6/M7/M9,id,uuid,"UUID estable, PK",Sí,Operaciones y Tributación,Interno,"Conservar manifiesto y hashes; transacción de metadatos solo publica evidencia verificada. Object Lock se aplica por categoría, no indefinidamente a todo objeto."
objeto_documental,S3_DOCS,M6/M7/M9,creado_en,timestamptz,UTC; instante de persistencia,Sí,Operaciones y Tributación,Interno,"Conservar manifiesto y hashes; transacción de metadatos solo publica evidencia verificada. Object Lock se aplica por categoría, no indefinidamente a todo objeto."
objeto_documental,S3_DOCS,M6/M7/M9,version,bigint,Entero mayor o igual a 1,Sí,Operaciones y Tributación,Interno,"Conservar manifiesto y hashes; transacción de metadatos solo publica evidencia verificada. Object Lock se aplica por categoría, no indefinidamente a todo objeto."
objeto_documental,S3_DOCS,M6/M7/M9,clave_objeto,varchar(240),Ruta opaca; sin RUT ni nombre en URL,Sí,Operaciones y Tributación,Interno,"Conservar manifiesto y hashes; transacción de metadatos solo publica evidencia verificada. Object Lock se aplica por categoría, no indefinidamente a todo objeto."
objeto_documental,S3_DOCS,M6/M7/M9,version_objeto,varchar(160),Versión inmutable identificable,Sí,Operaciones y Tributación,Interno,"Conservar manifiesto y hashes; transacción de metadatos solo publica evidencia verificada. Object Lock se aplica por categoría, no indefinidamente a todo objeto."
objeto_documental,S3_DOCS,M6/M7/M9,mime,varchar(80),Tipo autorizado,Sí,Operaciones y Tributación,Interno,"Conservar manifiesto y hashes; transacción de metadatos solo publica evidencia verificada. Object Lock se aplica por categoría, no indefinidamente a todo objeto."
objeto_documental,S3_DOCS,M6/M7/M9,hash_sha256,char(64),Huella verificable,Sí,Operaciones y Tributación,Interno,"Conservar manifiesto y hashes; transacción de metadatos solo publica evidencia verificada. Object Lock se aplica por categoría, no indefinidamente a todo objeto."
objeto_documental,S3_DOCS,M6/M7/M9,tamano_bytes,bigint,Mayor que cero,Sí,Operaciones y Tributación,Interno,"Conservar manifiesto y hashes; transacción de metadatos solo publica evidencia verificada. Object Lock se aplica por categoría, no indefinidamente a todo objeto."
objeto_documental,S3_DOCS,M6/M7/M9,retener_hasta,timestamptz,Política por categoría y bloqueo legal,Sí,Operaciones y Tributación,Interno,"Conservar manifiesto y hashes; transacción de metadatos solo publica evidencia verificada. Object Lock se aplica por categoría, no indefinidamente a todo objeto."
objeto_documental,S3_DOCS,M6/M7/M9,cifrado_clave_id,varchar(160),"Referencia a KMS, nunca secreto",Sí,Operaciones y Tributación,Interno,"Conservar manifiesto y hashes; transacción de metadatos solo publica evidencia verificada. Object Lock se aplica por categoría, no indefinidamente a todo objeto."
evento_outbox,dominio_productor,M1–M12,id,uuid,"UUID estable, PK",Sí,Propietario del módulo,Interno,Persiste junto con cambio y auditoría en una transacción; solo se purga después de acuse durable y plazo de deduplicación.
evento_outbox,dominio_productor,M1–M12,creado_en,timestamptz,UTC; instante de persistencia,Sí,Propietario del módulo,Interno,Persiste junto con cambio y auditoría en una transacción; solo se purga después de acuse durable y plazo de deduplicación.
evento_outbox,dominio_productor,M1–M12,version,bigint,Entero mayor o igual a 1,Sí,Propietario del módulo,Interno,Persiste junto con cambio y auditoría en una transacción; solo se purga después de acuse durable y plazo de deduplicación.
evento_outbox,dominio_productor,M1–M12,event_id,uuid,Identificador único,Sí,Propietario del módulo,Interno,Persiste junto con cambio y auditoría en una transacción; solo se purga después de acuse durable y plazo de deduplicación.
evento_outbox,dominio_productor,M1–M12,transaction_id,uuid,Correlación de extremo a extremo,Sí,Propietario del módulo,Interno,Persiste junto con cambio y auditoría en una transacción; solo se purga después de acuse durable y plazo de deduplicación.
evento_outbox,dominio_productor,M1–M12,agregado_id,uuid,Entidad cuya versión cambia,Sí,Propietario del módulo,Interno,Persiste junto con cambio y auditoría en una transacción; solo se purga después de acuse durable y plazo de deduplicación.
evento_outbox,dominio_productor,M1–M12,agregado_version,bigint,Versión positiva,Sí,Propietario del módulo,Interno,Persiste junto con cambio y auditoría en una transacción; solo se purga después de acuse durable y plazo de deduplicación.
evento_outbox,dominio_productor,M1–M12,sitio_id,uuid,Origen del hecho,Sí,Propietario del módulo,Interno,Persiste junto con cambio y auditoría en una transacción; solo se purga después de acuse durable y plazo de deduplicación.
evento_outbox,dominio_productor,M1–M12,tipo,varchar(80),Nombre canónico en pasado,Sí,Propietario del módulo,Interno,Persiste junto con cambio y auditoría en una transacción; solo se purga después de acuse durable y plazo de deduplicación.
evento_outbox,dominio_productor,M1–M12,schema_version,varchar(16),SemVer del contrato,Sí,Propietario del módulo,Interno,Persiste junto con cambio y auditoría en una transacción; solo se purga después de acuse durable y plazo de deduplicación.
evento_outbox,dominio_productor,M1–M12,payload,jsonb,Esquema validado; datos personales minimizados/cifrados,Sí,Propietario del módulo,Según carga,Persiste junto con cambio y auditoría en una transacción; solo se purga después de acuse durable y plazo de deduplicación.
evento_outbox,dominio_productor,M1–M12,estado,varchar(16),"pendiente, enviado, acusado, excepcion",Sí,Propietario del módulo,Interno,Persiste junto con cambio y auditoría en una transacción; solo se purga después de acuse durable y plazo de deduplicación.
resultado_inbox,dominio_consumidor,M1–M12,id,uuid,"UUID estable, PK",Sí,Propietario del módulo,Interno,Duplicado con misma huella devuelve resultado; distinto payload bajo mismo UUID se aísla. Mensaje de más de 30 días requiere revisión antes de nueva escritura.
resultado_inbox,dominio_consumidor,M1–M12,creado_en,timestamptz,UTC; instante de persistencia,Sí,Propietario del módulo,Interno,Duplicado con misma huella devuelve resultado; distinto payload bajo mismo UUID se aísla. Mensaje de más de 30 días requiere revisión antes de nueva escritura.
resultado_inbox,dominio_consumidor,M1–M12,version,bigint,Entero mayor o igual a 1,Sí,Propietario del módulo,Interno,Duplicado con misma huella devuelve resultado; distinto payload bajo mismo UUID se aísla. Mensaje de más de 30 días requiere revisión antes de nueva escritura.
resultado_inbox,dominio_consumidor,M1–M12,event_id,uuid,Clave idempotente única por consumidor,Sí,Propietario del módulo,Interno,Duplicado con misma huella devuelve resultado; distinto payload bajo mismo UUID se aísla. Mensaje de más de 30 días requiere revisión antes de nueva escritura.
resultado_inbox,dominio_consumidor,M1–M12,hash_payload,char(64),Huella de carga canónica,Sí,Propietario del módulo,Interno,Duplicado con misma huella devuelve resultado; distinto payload bajo mismo UUID se aísla. Mensaje de más de 30 días requiere revisión antes de nueva escritura.
resultado_inbox,dominio_consumidor,M1–M12,regla,varchar(80),Regla aplicada y versión,Sí,Propietario del módulo,Interno,Duplicado con misma huella devuelve resultado; distinto payload bajo mismo UUID se aísla. Mensaje de más de 30 días requiere revisión antes de nueva escritura.
resultado_inbox,dominio_consumidor,M1–M12,resultado,jsonb,Estado y referencia de efecto durable,Sí,Propietario del módulo,Interno,Duplicado con misma huella devuelve resultado; distinto payload bajo mismo UUID se aísla. Mensaje de más de 30 días requiere revisión antes de nueva escritura.
resultado_inbox,dominio_consumidor,M1–M12,actor_id,uuid,Autor original o cuenta de sistema,Sí,Propietario del módulo,Personal,Duplicado con misma huella devuelve resultado; distinto payload bajo mismo UUID se aísla. Mensaje de más de 30 días requiere revisión antes de nueva escritura.
resultado_inbox,dominio_consumidor,M1–M12,resuelto_en,timestamptz,Instante de persistencia,Sí,Propietario del módulo,Interno,Duplicado con misma huella devuelve resultado; distinto payload bajo mismo UUID se aísla. Mensaje de más de 30 días requiere revisión antes de nueva escritura.
resultado_inbox,dominio_consumidor,M1–M12,expira_en,timestamptz,30 días como mínimo antes de archivo,Sí,Propietario del módulo,Interno,Duplicado con misma huella devuelve resultado; distinto payload bajo mismo UUID se aísla. Mensaje de más de 30 días requiere revisión antes de nueva escritura.
auditoria,dominio_productor,M1–M12,id,uuid,"UUID estable, PK",Sí,Seguridad y dueño de negocio,Interno,"La bitácora de negocio acompaña al registro durante su retención, aunque los logs técnicos tengan otro plazo. Registrar también lectura sensible."
auditoria,dominio_productor,M1–M12,creado_en,timestamptz,UTC; instante de persistencia,Sí,Seguridad y dueño de negocio,Interno,"La bitácora de negocio acompaña al registro durante su retención, aunque los logs técnicos tengan otro plazo. Registrar también lectura sensible."
auditoria,dominio_productor,M1–M12,version,bigint,Entero mayor o igual a 1,Sí,Seguridad y dueño de negocio,Interno,"La bitácora de negocio acompaña al registro durante su retención, aunque los logs técnicos tengan otro plazo. Registrar también lectura sensible."
auditoria,dominio_productor,M1–M12,entidad,varchar(80),Tipo de registro,Sí,Seguridad y dueño de negocio,Interno,"La bitácora de negocio acompaña al registro durante su retención, aunque los logs técnicos tengan otro plazo. Registrar también lectura sensible."
auditoria,dominio_productor,M1–M12,entidad_id,uuid,Registro afectado,Sí,Seguridad y dueño de negocio,Interno,"La bitácora de negocio acompaña al registro durante su retención, aunque los logs técnicos tengan otro plazo. Registrar también lectura sensible."
auditoria,dominio_productor,M1–M12,actor_id,uuid,Autor y vínculo verificables,Sí,Seguridad y dueño de negocio,Personal,"La bitácora de negocio acompaña al registro durante su retención, aunque los logs técnicos tengan otro plazo. Registrar también lectura sensible."
auditoria,dominio_productor,M1–M12,dispositivo_id,uuid,Equipo o cuenta técnica,Sí,Seguridad y dueño de negocio,Interno,"La bitácora de negocio acompaña al registro durante su retención, aunque los logs técnicos tengan otro plazo. Registrar también lectura sensible."
auditoria,dominio_productor,M1–M12,accion,varchar(40),"crear, modificar, compensar, consultar_sensible, eliminar",Sí,Seguridad y dueño de negocio,Interno,"La bitácora de negocio acompaña al registro durante su retención, aunque los logs técnicos tengan otro plazo. Registrar también lectura sensible."
auditoria,dominio_productor,M1–M12,antes_cifrado,bytea,Valores anteriores protegidos; nulo al crear,No,Seguridad y dueño de negocio,Según carga,"La bitácora de negocio acompaña al registro durante su retención, aunque los logs técnicos tengan otro plazo. Registrar también lectura sensible."
auditoria,dominio_productor,M1–M12,despues_cifrado,bytea,Valores posteriores protegidos; nulo al eliminar,No,Seguridad y dueño de negocio,Según carga,"La bitácora de negocio acompaña al registro durante su retención, aunque los logs técnicos tengan otro plazo. Registrar también lectura sensible."
auditoria,dominio_productor,M1–M12,transaction_id,uuid,Correlación,Sí,Seguridad y dueño de negocio,Interno,"La bitácora de negocio acompaña al registro durante su retención, aunque los logs técnicos tengan otro plazo. Registrar también lectura sensible."
auditoria,dominio_productor,M1–M12,ocurrido_en,timestamptz,Hora del hecho,Sí,Seguridad y dueño de negocio,Interno,"La bitácora de negocio acompaña al registro durante su retención, aunque los logs técnicos tengan otro plazo. Registrar también lectura sensible."
carga_migracion,BD_MAESTROS_CONF,Migración,id,uuid,"UUID estable, PK",Sí,Responsable de migración,Interno,Aceptadas más cuarentena deben explicar el total de origen; conservar mapeo de IDs y reporte de diferencias.
carga_migracion,BD_MAESTROS_CONF,Migración,creado_en,timestamptz,UTC; instante de persistencia,Sí,Responsable de migración,Interno,Aceptadas más cuarentena deben explicar el total de origen; conservar mapeo de IDs y reporte de diferencias.
carga_migracion,BD_MAESTROS_CONF,Migración,version,bigint,Entero mayor o igual a 1,Sí,Responsable de migración,Interno,Aceptadas más cuarentena deben explicar el total de origen; conservar mapeo de IDs y reporte de diferencias.
carga_migracion,BD_MAESTROS_CONF,Migración,fuente,varchar(160),Sistema y exportación versionada,Sí,Responsable de migración,Interno,Aceptadas más cuarentena deben explicar el total de origen; conservar mapeo de IDs y reporte de diferencias.
carga_migracion,BD_MAESTROS_CONF,Migración,hash_origen,char(64),Huella del extracto protegido,Sí,Responsable de migración,Interno,Aceptadas más cuarentena deben explicar el total de origen; conservar mapeo de IDs y reporte de diferencias.
carga_migracion,BD_MAESTROS_CONF,Migración,reglas_version,varchar(40),Versión de mapeo,Sí,Responsable de migración,Interno,Aceptadas más cuarentena deben explicar el total de origen; conservar mapeo de IDs y reporte de diferencias.
carga_migracion,BD_MAESTROS_CONF,Migración,filas_origen,bigint,Recuento no negativo,Sí,Responsable de migración,Interno,Aceptadas más cuarentena deben explicar el total de origen; conservar mapeo de IDs y reporte de diferencias.
carga_migracion,BD_MAESTROS_CONF,Migración,filas_aceptadas,bigint,Recuento no negativo,Sí,Responsable de migración,Interno,Aceptadas más cuarentena deben explicar el total de origen; conservar mapeo de IDs y reporte de diferencias.
carga_migracion,BD_MAESTROS_CONF,Migración,filas_cuarentena,bigint,Recuento no negativo,Sí,Responsable de migración,Interno,Aceptadas más cuarentena deben explicar el total de origen; conservar mapeo de IDs y reporte de diferencias.
carga_migracion,BD_MAESTROS_CONF,Migración,estado,varchar(20),"perfilada, ensayada, conciliada, revertida",Sí,Responsable de migración,Interno,Aceptadas más cuarentena deben explicar el total de origen; conservar mapeo de IDs y reporte de diferencias.
hecho_entrega,BD_BI_GERENCIA,M10,id,uuid,"UUID estable, PK",Sí,Control de gestión,Interno,Hecho a grano de entrega; OTIF se agrega por pedido sin contar intentos como pedidos adicionales. No almacena identidad de receptor ni ubicación personal en claro.
hecho_entrega,BD_BI_GERENCIA,M10,creado_en,timestamptz,UTC; instante de persistencia,Sí,Control de gestión,Interno,Hecho a grano de entrega; OTIF se agrega por pedido sin contar intentos como pedidos adicionales. No almacena identidad de receptor ni ubicación personal en claro.
hecho_entrega,BD_BI_GERENCIA,M10,version,bigint,Entero mayor o igual a 1,Sí,Control de gestión,Interno,Hecho a grano de entrega; OTIF se agrega por pedido sin contar intentos como pedidos adicionales. No almacena identidad de receptor ni ubicación personal en claro.
hecho_entrega,BD_BI_GERENCIA,M10,entrega_id,uuid,Clave natural del evento operativo,Sí,Control de gestión,Interno,Hecho a grano de entrega; OTIF se agrega por pedido sin contar intentos como pedidos adicionales. No almacena identidad de receptor ni ubicación personal en claro.
hecho_entrega,BD_BI_GERENCIA,M10,pedido_id,uuid,Permite evaluar OTIF por pedido,Sí,Control de gestión,Interno,Hecho a grano de entrega; OTIF se agrega por pedido sin contar intentos como pedidos adicionales. No almacena identidad de receptor ni ubicación personal en claro.
hecho_entrega,BD_BI_GERENCIA,M10,fecha_key,integer,Clave a dim_fecha,Sí,Control de gestión,Interno,Hecho a grano de entrega; OTIF se agrega por pedido sin contar intentos como pedidos adicionales. No almacena identidad de receptor ni ubicación personal en claro.
hecho_entrega,BD_BI_GERENCIA,M10,cliente_key,bigint,Clave sustituta SCD2,Sí,Control de gestión,Interno,Hecho a grano de entrega; OTIF se agrega por pedido sin contar intentos como pedidos adicionales. No almacena identidad de receptor ni ubicación personal en claro.
hecho_entrega,BD_BI_GERENCIA,M10,sitio_key,bigint,Clave a dim_sitio,Sí,Control de gestión,Interno,Hecho a grano de entrega; OTIF se agrega por pedido sin contar intentos como pedidos adicionales. No almacena identidad de receptor ni ubicación personal en claro.
hecho_entrega,BD_BI_GERENCIA,M10,cantidad_aceptada,"numeric(14,3)","Suma por evento, no acumulado duplicado",Sí,Control de gestión,Interno,Hecho a grano de entrega; OTIF se agrega por pedido sin contar intentos como pedidos adicionales. No almacena identidad de receptor ni ubicación personal en claro.
hecho_entrega,BD_BI_GERENCIA,M10,completa,boolean,Todas las líneas netas cubiertas,Sí,Control de gestión,Interno,Hecho a grano de entrega; OTIF se agrega por pedido sin contar intentos como pedidos adicionales. No almacena identidad de receptor ni ubicación personal en claro.
hecho_entrega,BD_BI_GERENCIA,M10,a_tiempo,boolean,Recepción dentro de ventana prometida,Sí,Control de gestión,Interno,Hecho a grano de entrega; OTIF se agrega por pedido sin contar intentos como pedidos adicionales. No almacena identidad de receptor ni ubicación personal en claro.
hecho_entrega,BD_BI_GERENCIA,M10,fuente_event_id,uuid,Evento canónico único,Sí,Control de gestión,Interno,Hecho a grano de entrega; OTIF se agrega por pedido sin contar intentos como pedidos adicionales. No almacena identidad de receptor ni ubicación personal en claro.
hecho_entrega,BD_BI_GERENCIA,M10,visible_en,timestamptz,Momento disponible en modelo semántico,Sí,Control de gestión,Interno,Hecho a grano de entrega; OTIF se agrega por pedido sin contar intentos como pedidos adicionales. No almacena identidad de receptor ni ubicación personal en claro.
hecho_entrega,BD_BI_GERENCIA,M10,dataset_origen,varchar(120),Dataset gobernado,Sí,Control de gestión,Interno,Hecho a grano de entrega; OTIF se agrega por pedido sin contar intentos como pedidos adicionales. No almacena identidad de receptor ni ubicación personal en claro.
hecho_entrega,BD_BI_GERENCIA,M10,lote_etl,uuid,Ejecución con manifiesto,Sí,Control de gestión,Interno,Hecho a grano de entrega; OTIF se agrega por pedido sin contar intentos como pedidos adicionales. No almacena identidad de receptor ni ubicación personal en claro.
hecho_entrega,BD_BI_GERENCIA,M10,transformation_version,varchar(40),Regla aplicada,Sí,Control de gestión,Interno,Hecho a grano de entrega; OTIF se agrega por pedido sin contar intentos como pedidos adicionales. No almacena identidad de receptor ni ubicación personal en claro.
hecho_entrega,BD_BI_GERENCIA,M10,ocurrido_en,timestamptz,Momento de origen UTC,Sí,Control de gestión,Interno,Hecho a grano de entrega; OTIF se agrega por pedido sin contar intentos como pedidos adicionales. No almacena identidad de receptor ni ubicación personal en claro.
dim_cliente,BD_BI_GERENCIA,M10,id,uuid,"UUID estable, PK",Sí,Control de gestión,Interno,Intervalos sin solapamiento por cliente; hechos enlazan la versión válida al ocurrir el evento.
dim_cliente,BD_BI_GERENCIA,M10,creado_en,timestamptz,UTC; instante de persistencia,Sí,Control de gestión,Interno,Intervalos sin solapamiento por cliente; hechos enlazan la versión válida al ocurrir el evento.
dim_cliente,BD_BI_GERENCIA,M10,version,bigint,Entero mayor o igual a 1,Sí,Control de gestión,Interno,Intervalos sin solapamiento por cliente; hechos enlazan la versión válida al ocurrir el evento.
dim_cliente,BD_BI_GERENCIA,M10,cliente_key,bigint,Clave sustituta única,Sí,Control de gestión,Interno,Intervalos sin solapamiento por cliente; hechos enlazan la versión válida al ocurrir el evento.
dim_cliente,BD_BI_GERENCIA,M10,cliente_id,uuid,Identidad seudonimizada para navegación autorizada,Sí,Control de gestión,Personal,Intervalos sin solapamiento por cliente; hechos enlazan la versión válida al ocurrir el evento.
dim_cliente,BD_BI_GERENCIA,M10,canal,varchar(20),Canal en la versión histórica,Sí,Control de gestión,Interno,Intervalos sin solapamiento por cliente; hechos enlazan la versión válida al ocurrir el evento.
dim_cliente,BD_BI_GERENCIA,M10,zona,varchar(40),Zona logística histórica,Sí,Control de gestión,Interno,Intervalos sin solapamiento por cliente; hechos enlazan la versión válida al ocurrir el evento.
dim_cliente,BD_BI_GERENCIA,M10,valida_desde,timestamptz,Inicio de vigencia SCD2,Sí,Control de gestión,Interno,Intervalos sin solapamiento por cliente; hechos enlazan la versión válida al ocurrir el evento.
dim_cliente,BD_BI_GERENCIA,M10,valida_hasta,timestamptz,"Fin exclusivo, nulo si vigente",No,Control de gestión,Interno,Intervalos sin solapamiento por cliente; hechos enlazan la versión válida al ocurrir el evento.
cache_lectura,REDIS_SESIONES_CACHE,M3/M4,clave,varchar(160),"Entidad, versión, sitio y ámbito; sin PII",Sí,Plataforma,Interno,"Caché prescindible; no confirma stock, crédito ni pagos. Vaciarla no pierde registros de negocio."
cache_lectura,REDIS_SESIONES_CACHE,M3/M4,valor,jsonb,Proyección minimizada de lectura,Sí,Plataforma,Según carga,"Caché prescindible; no confirma stock, crédito ni pagos. Vaciarla no pierde registros de negocio."
cache_lectura,REDIS_SESIONES_CACHE,M3/M4,version_fuente,bigint,Versión del registro publicado,Sí,Plataforma,Interno,"Caché prescindible; no confirma stock, crédito ni pagos. Vaciarla no pierde registros de negocio."
cache_lectura,REDIS_SESIONES_CACHE,M3/M4,expira_en,timestamptz,TTL por categoría,Sí,Plataforma,Interno,"Caché prescindible; no confirma stock, crédito ni pagos. Vaciarla no pierde registros de negocio."
equivalencia_maestro,BD_MAESTROS_CONF,ACL,id,uuid,"UUID estable, PK",Sí,Dueño del maestro,Interno,"UNIQUE(fuente,entidad,codigo_externo) vigente; fusión conserva alias, origen y aprobación."
equivalencia_maestro,BD_MAESTROS_CONF,ACL,creado_en,timestamptz,UTC; instante de persistencia,Sí,Dueño del maestro,Interno,"UNIQUE(fuente,entidad,codigo_externo) vigente; fusión conserva alias, origen y aprobación."
equivalencia_maestro,BD_MAESTROS_CONF,ACL,version,bigint,Entero mayor o igual a 1,Sí,Dueño del maestro,Interno,"UNIQUE(fuente,entidad,codigo_externo) vigente; fusión conserva alias, origen y aprobación."
equivalencia_maestro,BD_MAESTROS_CONF,ACL,fuente,varchar(40),"ERP, WMS o cadena autorizada",Sí,Dueño del maestro,Interno,"UNIQUE(fuente,entidad,codigo_externo) vigente; fusión conserva alias, origen y aprobación."
equivalencia_maestro,BD_MAESTROS_CONF,ACL,entidad,varchar(40),Tipo de entidad del catálogo,Sí,Dueño del maestro,Interno,"UNIQUE(fuente,entidad,codigo_externo) vigente; fusión conserva alias, origen y aprobación."
equivalencia_maestro,BD_MAESTROS_CONF,ACL,codigo_externo,varchar(100),Identificador en la fuente,Sí,Dueño del maestro,Interno,"UNIQUE(fuente,entidad,codigo_externo) vigente; fusión conserva alias, origen y aprobación."
equivalencia_maestro,BD_MAESTROS_CONF,ACL,canonico_id,uuid,Entidad canónica referida,Sí,Dueño del maestro,Interno,"UNIQUE(fuente,entidad,codigo_externo) vigente; fusión conserva alias, origen y aprobación."
equivalencia_maestro,BD_MAESTROS_CONF,ACL,desde,timestamptz,Inicio de vigencia,Sí,Dueño del maestro,Interno,"UNIQUE(fuente,entidad,codigo_externo) vigente; fusión conserva alias, origen y aprobación."
equivalencia_maestro,BD_MAESTROS_CONF,ACL,hasta,timestamptz,"Fin exclusivo, nulo si vigente",No,Dueño del maestro,Interno,"UNIQUE(fuente,entidad,codigo_externo) vigente; fusión conserva alias, origen y aprobación."
dispositivo,BD_GOBIERNO_ACCESO,MDM,id,uuid,"UUID estable, PK",Sí,Plataforma,Interno,Equipo compartido no determina autor: autorización de turno identifica la persona.
dispositivo,BD_GOBIERNO_ACCESO,MDM,creado_en,timestamptz,UTC; instante de persistencia,Sí,Plataforma,Interno,Equipo compartido no determina autor: autorización de turno identifica la persona.
dispositivo,BD_GOBIERNO_ACCESO,MDM,version,bigint,Entero mayor o igual a 1,Sí,Plataforma,Interno,Equipo compartido no determina autor: autorización de turno identifica la persona.
dispositivo,BD_GOBIERNO_ACCESO,MDM,codigo_mdm,varchar(80),Inventario MDM único,Sí,Plataforma,Interno,Equipo compartido no determina autor: autorización de turno identifica la persona.
dispositivo,BD_GOBIERNO_ACCESO,MDM,tipo,varchar(20),"preventa, reparto, hht, gateway",Sí,Plataforma,Interno,Equipo compartido no determina autor: autorización de turno identifica la persona.
dispositivo,BD_GOBIERNO_ACCESO,MDM,sitio_id,uuid,Sitio de adscripción,No,Plataforma,Interno,Equipo compartido no determina autor: autorización de turno identifica la persona.
dispositivo,BD_GOBIERNO_ACCESO,MDM,estado,varchar(20),"activo, bloqueado, perdido, retirado",Sí,Plataforma,Interno,Equipo compartido no determina autor: autorización de turno identifica la persona.
dispositivo,BD_GOBIERNO_ACCESO,MDM,ultima_sync,timestamptz,Último acuse,No,Plataforma,Interno,Equipo compartido no determina autor: autorización de turno identifica la persona.
dim_fecha,BD_BI_GERENCIA,M10,id,uuid,"UUID estable, PK",Sí,Control de gestión,Interno,Clave fecha no sustituye hora UTC del hecho.
dim_fecha,BD_BI_GERENCIA,M10,creado_en,timestamptz,UTC; instante de persistencia,Sí,Control de gestión,Interno,Clave fecha no sustituye hora UTC del hecho.
dim_fecha,BD_BI_GERENCIA,M10,version,bigint,Entero mayor o igual a 1,Sí,Control de gestión,Interno,Clave fecha no sustituye hora UTC del hecho.
dim_fecha,BD_BI_GERENCIA,M10,fecha_key,integer,AAAAMMDD único,Sí,Control de gestión,Interno,Clave fecha no sustituye hora UTC del hecho.
dim_fecha,BD_BI_GERENCIA,M10,fecha,date,Día America/Santiago,Sí,Control de gestión,Interno,Clave fecha no sustituye hora UTC del hecho.
dim_fecha,BD_BI_GERENCIA,M10,mes,integer,1 a 12,Sí,Control de gestión,Interno,Clave fecha no sustituye hora UTC del hecho.
dim_fecha,BD_BI_GERENCIA,M10,anio,integer,Año calendario,Sí,Control de gestión,Interno,Clave fecha no sustituye hora UTC del hecho.
dim_fecha,BD_BI_GERENCIA,M10,temporada,varchar(24),"normal, septiembre, diciembre",Sí,Control de gestión,Interno,Clave fecha no sustituye hora UTC del hecho.
dim_sitio,BD_BI_GERENCIA,M10,id,uuid,"UUID estable, PK",Sí,Control de gestión,Interno,Mapeo de código estable; historia cuando cambia clasificación.
dim_sitio,BD_BI_GERENCIA,M10,creado_en,timestamptz,UTC; instante de persistencia,Sí,Control de gestión,Interno,Mapeo de código estable; historia cuando cambia clasificación.
dim_sitio,BD_BI_GERENCIA,M10,version,bigint,Entero mayor o igual a 1,Sí,Control de gestión,Interno,Mapeo de código estable; historia cuando cambia clasificación.
dim_sitio,BD_BI_GERENCIA,M10,sitio_key,bigint,Clave sustituta única,Sí,Control de gestión,Interno,Mapeo de código estable; historia cuando cambia clasificación.
dim_sitio,BD_BI_GERENCIA,M10,sitio_id,uuid,Sitio canónico,Sí,Control de gestión,Interno,Mapeo de código estable; historia cuando cambia clasificación.
dim_sitio,BD_BI_GERENCIA,M10,codigo,varchar(24),Código de sitio,Sí,Control de gestión,Interno,Mapeo de código estable; historia cuando cambia clasificación.
dim_sitio,BD_BI_GERENCIA,M10,tipo,varchar(16),"cd, crossdock, oficina",Sí,Control de gestión,Interno,Mapeo de código estable; historia cuando cambia clasificación.
dim_producto,BD_BI_GERENCIA,M10,id,uuid,"UUID estable, PK",Sí,Control de gestión,Interno,Sin solapamiento de vigencia por producto.
dim_producto,BD_BI_GERENCIA,M10,creado_en,timestamptz,UTC; instante de persistencia,Sí,Control de gestión,Interno,Sin solapamiento de vigencia por producto.
dim_producto,BD_BI_GERENCIA,M10,version,bigint,Entero mayor o igual a 1,Sí,Control de gestión,Interno,Sin solapamiento de vigencia por producto.
dim_producto,BD_BI_GERENCIA,M10,producto_key,bigint,Clave sustituta única,Sí,Control de gestión,Interno,Sin solapamiento de vigencia por producto.
dim_producto,BD_BI_GERENCIA,M10,producto_id,uuid,Producto canónico,Sí,Control de gestión,Interno,Sin solapamiento de vigencia por producto.
dim_producto,BD_BI_GERENCIA,M10,gtin,varchar(14),Presentación histórica,Sí,Control de gestión,Interno,Sin solapamiento de vigencia por producto.
dim_producto,BD_BI_GERENCIA,M10,familia,varchar(40),Familia autorizada,Sí,Control de gestión,Interno,Sin solapamiento de vigencia por producto.
dim_producto,BD_BI_GERENCIA,M10,condicion_termica,varchar(16),"seco, refrigerado, congelado",Sí,Control de gestión,Interno,Sin solapamiento de vigencia por producto.
dim_producto,BD_BI_GERENCIA,M10,valida_desde,timestamptz,Inicio SCD2,Sí,Control de gestión,Interno,Sin solapamiento de vigencia por producto.
dim_producto,BD_BI_GERENCIA,M10,valida_hasta,timestamptz,"Fin exclusivo, nulo vigente",No,Control de gestión,Interno,Sin solapamiento de vigencia por producto.
dim_ruta,BD_BI_GERENCIA,M10,id,uuid,"UUID estable, PK",Sí,Control de gestión,Interno,"UNIQUE(viaje_id,version_ruta); no expone GPS personal."
dim_ruta,BD_BI_GERENCIA,M10,creado_en,timestamptz,UTC; instante de persistencia,Sí,Control de gestión,Interno,"UNIQUE(viaje_id,version_ruta); no expone GPS personal."
dim_ruta,BD_BI_GERENCIA,M10,version,bigint,Entero mayor o igual a 1,Sí,Control de gestión,Interno,"UNIQUE(viaje_id,version_ruta); no expone GPS personal."
dim_ruta,BD_BI_GERENCIA,M10,ruta_key,bigint,Clave sustituta única,Sí,Control de gestión,Interno,"UNIQUE(viaje_id,version_ruta); no expone GPS personal."
dim_ruta,BD_BI_GERENCIA,M10,viaje_id,uuid,Viaje canónico,Sí,Control de gestión,Interno,"UNIQUE(viaje_id,version_ruta); no expone GPS personal."
dim_ruta,BD_BI_GERENCIA,M10,version_ruta,bigint,Versión aprobada,Sí,Control de gestión,Interno,"UNIQUE(viaje_id,version_ruta); no expone GPS personal."
dim_ruta,BD_BI_GERENCIA,M10,zona,varchar(40),Zona logística,Sí,Control de gestión,Interno,"UNIQUE(viaje_id,version_ruta); no expone GPS personal."
dim_causal,BD_BI_GERENCIA,M10,id,uuid,"UUID estable, PK",Sí,Control de gestión,Interno,Conservar versión del significado histórico.
dim_causal,BD_BI_GERENCIA,M10,creado_en,timestamptz,UTC; instante de persistencia,Sí,Control de gestión,Interno,Conservar versión del significado histórico.
dim_causal,BD_BI_GERENCIA,M10,version,bigint,Entero mayor o igual a 1,Sí,Control de gestión,Interno,Conservar versión del significado histórico.
dim_causal,BD_BI_GERENCIA,M10,causal_key,bigint,Clave sustituta única,Sí,Control de gestión,Interno,Conservar versión del significado histórico.
dim_causal,BD_BI_GERENCIA,M10,codigo,varchar(40),Código gobernado,Sí,Control de gestión,Interno,Conservar versión del significado histórico.
dim_causal,BD_BI_GERENCIA,M10,familia,varchar(20),"faltante, daño, rechazo, demora, calidad, otra",Sí,Control de gestión,Interno,Conservar versión del significado histórico.
dim_causal,BD_BI_GERENCIA,M10,descripcion,varchar(160),Definición de uso,Sí,Control de gestión,Interno,Conservar versión del significado histórico.
hecho_pedido,BD_BI_GERENCIA,M10,id,uuid,"UUID estable, PK",Sí,Control de gestión,Interno,"Línea/version; seleccionar versión vigente, no sumar revisiones."
hecho_pedido,BD_BI_GERENCIA,M10,creado_en,timestamptz,UTC; instante de persistencia,Sí,Control de gestión,Interno,"Línea/version; seleccionar versión vigente, no sumar revisiones."
hecho_pedido,BD_BI_GERENCIA,M10,version,bigint,Entero mayor o igual a 1,Sí,Control de gestión,Interno,"Línea/version; seleccionar versión vigente, no sumar revisiones."
hecho_pedido,BD_BI_GERENCIA,M10,linea_id,uuid,Línea canónica,Sí,Control de gestión,Interno,"Línea/version; seleccionar versión vigente, no sumar revisiones."
hecho_pedido,BD_BI_GERENCIA,M10,version_linea,bigint,Versión de compromiso,Sí,Control de gestión,Interno,"Línea/version; seleccionar versión vigente, no sumar revisiones."
hecho_pedido,BD_BI_GERENCIA,M10,fecha_key,integer,dim_fecha,Sí,Control de gestión,Interno,"Línea/version; seleccionar versión vigente, no sumar revisiones."
hecho_pedido,BD_BI_GERENCIA,M10,cliente_key,bigint,dim_cliente SCD2,Sí,Control de gestión,Interno,"Línea/version; seleccionar versión vigente, no sumar revisiones."
hecho_pedido,BD_BI_GERENCIA,M10,producto_key,bigint,dim_producto SCD2,Sí,Control de gestión,Interno,"Línea/version; seleccionar versión vigente, no sumar revisiones."
hecho_pedido,BD_BI_GERENCIA,M10,cantidad_comprometida,"numeric(14,3)",Mayor que cero en unidad base,Sí,Control de gestión,Interno,"Línea/version; seleccionar versión vigente, no sumar revisiones."
hecho_pedido,BD_BI_GERENCIA,M10,fuente_event_id,uuid,Evento canónico único,Sí,Control de gestión,Interno,"Línea/version; seleccionar versión vigente, no sumar revisiones."
hecho_pedido,BD_BI_GERENCIA,M10,dataset_origen,varchar(120),Dataset gobernado,Sí,Control de gestión,Interno,"Línea/version; seleccionar versión vigente, no sumar revisiones."
hecho_pedido,BD_BI_GERENCIA,M10,lote_etl,uuid,Ejecución con manifiesto,Sí,Control de gestión,Interno,"Línea/version; seleccionar versión vigente, no sumar revisiones."
hecho_pedido,BD_BI_GERENCIA,M10,transformation_version,varchar(40),Regla aplicada,Sí,Control de gestión,Interno,"Línea/version; seleccionar versión vigente, no sumar revisiones."
hecho_pedido,BD_BI_GERENCIA,M10,ocurrido_en,timestamptz,Momento de origen UTC,Sí,Control de gestión,Interno,"Línea/version; seleccionar versión vigente, no sumar revisiones."
hecho_pedido,BD_BI_GERENCIA,M10,visible_en,timestamptz,Momento disponible en modelo semántico,Sí,Control de gestión,Interno,"Línea/version; seleccionar versión vigente, no sumar revisiones."
hecho_movimiento,BD_BI_GERENCIA,M10,id,uuid,"UUID estable, PK",Sí,Control de gestión,Interno,No mezclar delta y snapshot de saldo en una misma suma.
hecho_movimiento,BD_BI_GERENCIA,M10,creado_en,timestamptz,UTC; instante de persistencia,Sí,Control de gestión,Interno,No mezclar delta y snapshot de saldo en una misma suma.
hecho_movimiento,BD_BI_GERENCIA,M10,version,bigint,Entero mayor o igual a 1,Sí,Control de gestión,Interno,No mezclar delta y snapshot de saldo en una misma suma.
hecho_movimiento,BD_BI_GERENCIA,M10,movimiento_id,uuid,Movimiento canónico único,Sí,Control de gestión,Interno,No mezclar delta y snapshot de saldo en una misma suma.
hecho_movimiento,BD_BI_GERENCIA,M10,fecha_key,integer,dim_fecha,Sí,Control de gestión,Interno,No mezclar delta y snapshot de saldo en una misma suma.
hecho_movimiento,BD_BI_GERENCIA,M10,sitio_key,bigint,dim_sitio,Sí,Control de gestión,Interno,No mezclar delta y snapshot de saldo en una misma suma.
hecho_movimiento,BD_BI_GERENCIA,M10,producto_key,bigint,dim_producto,Sí,Control de gestión,Interno,No mezclar delta y snapshot de saldo en una misma suma.
hecho_movimiento,BD_BI_GERENCIA,M10,lote_id,uuid,Referencia sanitaria,Sí,Control de gestión,Interno,No mezclar delta y snapshot de saldo en una misma suma.
hecho_movimiento,BD_BI_GERENCIA,M10,cantidad_delta,"numeric(14,3)",Delta firmado,Sí,Control de gestión,Interno,No mezclar delta y snapshot de saldo en una misma suma.
hecho_movimiento,BD_BI_GERENCIA,M10,fuente_event_id,uuid,Evento canónico único,Sí,Control de gestión,Interno,No mezclar delta y snapshot de saldo en una misma suma.
hecho_movimiento,BD_BI_GERENCIA,M10,dataset_origen,varchar(120),Dataset gobernado,Sí,Control de gestión,Interno,No mezclar delta y snapshot de saldo en una misma suma.
hecho_movimiento,BD_BI_GERENCIA,M10,lote_etl,uuid,Ejecución con manifiesto,Sí,Control de gestión,Interno,No mezclar delta y snapshot de saldo en una misma suma.
hecho_movimiento,BD_BI_GERENCIA,M10,transformation_version,varchar(40),Regla aplicada,Sí,Control de gestión,Interno,No mezclar delta y snapshot de saldo en una misma suma.
hecho_movimiento,BD_BI_GERENCIA,M10,ocurrido_en,timestamptz,Momento de origen UTC,Sí,Control de gestión,Interno,No mezclar delta y snapshot de saldo en una misma suma.
hecho_movimiento,BD_BI_GERENCIA,M10,visible_en,timestamptz,Momento disponible en modelo semántico,Sí,Control de gestión,Interno,No mezclar delta y snapshot de saldo en una misma suma.
hecho_temperatura,BD_BI_GERENCIA,M10,id,uuid,"UUID estable, PK",Sí,Control de gestión,Interno,Hueco de muestra no acredita duración continua.
hecho_temperatura,BD_BI_GERENCIA,M10,creado_en,timestamptz,UTC; instante de persistencia,Sí,Control de gestión,Interno,Hueco de muestra no acredita duración continua.
hecho_temperatura,BD_BI_GERENCIA,M10,version,bigint,Entero mayor o igual a 1,Sí,Control de gestión,Interno,Hueco de muestra no acredita duración continua.
hecho_temperatura,BD_BI_GERENCIA,M10,lectura_id,uuid,Lectura deduplicada única,Sí,Control de gestión,Interno,Hueco de muestra no acredita duración continua.
hecho_temperatura,BD_BI_GERENCIA,M10,sensor_id,uuid,Sensor físico,Sí,Control de gestión,Interno,Hueco de muestra no acredita duración continua.
hecho_temperatura,BD_BI_GERENCIA,M10,fecha_key,integer,dim_fecha,Sí,Control de gestión,Interno,Hueco de muestra no acredita duración continua.
hecho_temperatura,BD_BI_GERENCIA,M10,sitio_key,bigint,dim_sitio para cámara,No,Control de gestión,Interno,Hueco de muestra no acredita duración continua.
hecho_temperatura,BD_BI_GERENCIA,M10,valor_c,"numeric(5,2)",Valor Celsius validado,Sí,Control de gestión,Interno,Hueco de muestra no acredita duración continua.
hecho_temperatura,BD_BI_GERENCIA,M10,fuera_rango,boolean,Regla aprobada de Calidad,Sí,Control de gestión,Interno,Hueco de muestra no acredita duración continua.
hecho_temperatura,BD_BI_GERENCIA,M10,regla_version,varchar(40),Versión de rango,Sí,Control de gestión,Interno,Hueco de muestra no acredita duración continua.
hecho_temperatura,BD_BI_GERENCIA,M10,fuente_event_id,uuid,Evento canónico único,Sí,Control de gestión,Interno,Hueco de muestra no acredita duración continua.
hecho_temperatura,BD_BI_GERENCIA,M10,dataset_origen,varchar(120),Dataset gobernado,Sí,Control de gestión,Interno,Hueco de muestra no acredita duración continua.
hecho_temperatura,BD_BI_GERENCIA,M10,lote_etl,uuid,Ejecución con manifiesto,Sí,Control de gestión,Interno,Hueco de muestra no acredita duración continua.
hecho_temperatura,BD_BI_GERENCIA,M10,transformation_version,varchar(40),Regla aplicada,Sí,Control de gestión,Interno,Hueco de muestra no acredita duración continua.
hecho_temperatura,BD_BI_GERENCIA,M10,ocurrido_en,timestamptz,Momento de origen UTC,Sí,Control de gestión,Interno,Hueco de muestra no acredita duración continua.
hecho_temperatura,BD_BI_GERENCIA,M10,visible_en,timestamptz,Momento disponible en modelo semántico,Sí,Control de gestión,Interno,Hueco de muestra no acredita duración continua.
hecho_rendicion,BD_BI_GERENCIA,M10,id,uuid,"UUID estable, PK",Sí,Control de gestión,Interno,Detalle solo Tesorería; agregados no identifican personas.
hecho_rendicion,BD_BI_GERENCIA,M10,creado_en,timestamptz,UTC; instante de persistencia,Sí,Control de gestión,Interno,Detalle solo Tesorería; agregados no identifican personas.
hecho_rendicion,BD_BI_GERENCIA,M10,version,bigint,Entero mayor o igual a 1,Sí,Control de gestión,Interno,Detalle solo Tesorería; agregados no identifican personas.
hecho_rendicion,BD_BI_GERENCIA,M10,rendicion_id,uuid,Rendición de origen,Sí,Control de gestión,Interno,Detalle solo Tesorería; agregados no identifican personas.
hecho_rendicion,BD_BI_GERENCIA,M10,fecha_key,integer,dim_fecha,Sí,Control de gestión,Interno,Detalle solo Tesorería; agregados no identifican personas.
hecho_rendicion,BD_BI_GERENCIA,M10,ruta_key,bigint,dim_ruta,Sí,Control de gestión,Interno,Detalle solo Tesorería; agregados no identifican personas.
hecho_rendicion,BD_BI_GERENCIA,M10,esperado_cifrado,bytea,Importe CLP protegido,Sí,Control de gestión,Financiero restringido,Detalle solo Tesorería; agregados no identifican personas.
hecho_rendicion,BD_BI_GERENCIA,M10,recibido_cifrado,bytea,Importe CLP protegido,Sí,Control de gestión,Financiero restringido,Detalle solo Tesorería; agregados no identifican personas.
hecho_rendicion,BD_BI_GERENCIA,M10,causal_key,bigint,dim_causal si diferencia,No,Control de gestión,Interno,Detalle solo Tesorería; agregados no identifican personas.
hecho_rendicion,BD_BI_GERENCIA,M10,fuente_event_id,uuid,Evento canónico único,Sí,Control de gestión,Interno,Detalle solo Tesorería; agregados no identifican personas.
hecho_rendicion,BD_BI_GERENCIA,M10,dataset_origen,varchar(120),Dataset gobernado,Sí,Control de gestión,Interno,Detalle solo Tesorería; agregados no identifican personas.
hecho_rendicion,BD_BI_GERENCIA,M10,lote_etl,uuid,Ejecución con manifiesto,Sí,Control de gestión,Interno,Detalle solo Tesorería; agregados no identifican personas.
hecho_rendicion,BD_BI_GERENCIA,M10,transformation_version,varchar(40),Regla aplicada,Sí,Control de gestión,Interno,Detalle solo Tesorería; agregados no identifican personas.
hecho_rendicion,BD_BI_GERENCIA,M10,ocurrido_en,timestamptz,Momento de origen UTC,Sí,Control de gestión,Interno,Detalle solo Tesorería; agregados no identifican personas.
hecho_rendicion,BD_BI_GERENCIA,M10,visible_en,timestamptz,Momento disponible en modelo semántico,Sí,Control de gestión,Interno,Detalle solo Tesorería; agregados no identifican personas.
